wavelength,flux
1150.0,0.0043475917
1155.0,0.0048899716
1160.0,0.0040113847
1165.0,0.0003071203
1170.0,0.0
1175.0,0.0
1180.0,0.0010719269
1185.0,0.0007151883
1190.0,0.0
1195.0,0.0
1200.0,0.0008366676
1205.0,0.0029317585
1210.0,0.012469598
1215.0,0.021945843
1220.0,0.0135081615
1225.0,0.0023406162
1230.0,0.00030455386
1235.0,0.00032080812
1240.0,0.00028060016
1245.0,0.00018478547
1250.0,0.00014286656
1255.0,0.00014885498
1260.0,0.00014372203
1265.0,0.0
1270.0,0.0
1275.0,7.015004e-05
1280.0,0.00026006845
1285.0,0.00023868124
1290.0,4.7051857e-05
1295.0,4.619637e-05
1300.0,0.00014286656
1305.0,0.0
1310.0,0.00010779153
1315.0,0.00022413793
1320.0,0.00017024217
1325.0,0.00010608055
1330.0,0.00016425377
1335.0,0.0001394446
1340.0,4.9618324e-05
1345.0,6.8439067e-06
1350.0,6.6728084e-05
1355.0,0.0001317452
1360.0,0.00015313241
1365.0,0.0001976178
1370.0,0.00011549092
1375.0,0.00018136353
1380.0,0.00023697029
1385.0,0.00021045013
1390.0,5.8173206e-05
1395.0,0.00017451962
1400.0,0.0002489471
1405.0,0.0003370624
1410.0,0.00028060016
1415.0,7.186102e-05
1420.0,0.0
1425.0,0.00010950251
1430.0,0.00023611478
1435.0,0.00017109766
1440.0,0.0002934325
1445.0,0.0006082522
1450.0,0.0004833509
1455.0,0.00023525929
1460.0,0.00010950251
1465.0,0.00015313241
1470.0,0.00028145566
1475.0,0.00032594104
1480.0,0.00032594104
1485.0,0.00023525929
1490.0,0.00025065808
1495.0,0.00028145566
1500.0,0.0002780337
1505.0,0.0002660569
1510.0,0.0002634904
1515.0,0.00026177944
1520.0,0.0002344038
1525.0,0.00024638066
1530.0,0.0003002764
1535.0,0.0003652935
1540.0,0.0003969466
1545.0,0.00059456436
1550.0,0.00057745463
1555.0,0.00033535142
1560.0,0.00042774418
1565.0,0.00044827585
1570.0,0.00044570942
1575.0,0.00052783627
1580.0,0.00040207952
1585.0,0.0003960911
1590.0,0.0004183338
1595.0,0.00029428798
1600.0,0.00023953673
1605.0,0.00037128193
1610.0,0.00035417217
1615.0,0.00019676232
1620.0,0.00015997632
1625.0,0.00024809162
1630.0,0.0003892472
1635.0,0.00044998684
1640.0,0.0002729008
1645.0,0.00036272706
1650.0,0.00045683075
1655.0,0.00039865755
1660.0,0.0005791656
1665.0,0.0006039748
1670.0,0.00050131616
1675.0,0.0003952356
1680.0,0.00056804426
1685.0,0.0005577784
1690.0,0.00053296925
1695.0,0.0006082522
1700.0,0.0007117663
1705.0,0.000586865
1710.0,0.0004867729
1715.0,0.00053639116
1720.0,0.00063904974
1725.0,0.00070834433
1730.0,0.00069722295
1735.0,0.00081271393
1740.0,0.0008512109
1745.0,0.0010103318
1750.0,0.0010146091
1755.0,0.00095814693
1760.0,0.0010436957
1765.0,0.0012079496
1770.0,0.0012746777
1775.0,0.0014928272
1780.0,0.0013183075
1785.0,0.0011728745
1790.0,0.00082725723
1795.0,0.00096413534
1800.0,0.0012550014
1805.0,0.0013884576
1810.0,0.0016143065
1815.0,0.0017862597
1820.0,0.0019239931
1825.0,0.001830745
1830.0,0.0018230455
1835.0,0.0018752303
1840.0,0.0018418664
1845.0,0.0016989998
1850.0,0.0016904449
1855.0,0.0018435775
1860.0,0.0020959463
1865.0,0.0022388129
1870.0,0.0023654252
1875.0,0.0024466966
1880.0,0.0025348119
1885.0,0.0026939327
1890.0,0.0028179784
1895.0,0.002834233
1900.0,0.0025604765
1905.0,0.0026212162
1910.0,0.0028915505
1915.0,0.0029967756
1920.0,0.0032157807
1925.0,0.0030866018
1930.0,0.0028693078
1935.0,0.002750395
1940.0,0.0031020006
1945.0,0.0039061597
1950.0,0.0042877076
1955.0,0.007695118
1960.0,0.008601935
1965.0,0.0042013032
1970.0,0.00025236906
1975.0,0.0
1980.0,0.0027726376
1985.0,0.0128870765
1990.0,0.0133481845
1995.0,0.007748158
2000.0,0.0066214795
2005.0,0.0
2010.0,0.0
2015.0,0.0005988418
2020.0,0.0
2025.0,0.0
2030.0,0.0
2035.0,0.0
2040.0,0.0
2045.0,0.00029172152
2050.0,0.004540932
2055.0,0.005619703
2060.0,0.008448803
2065.0,0.004114899
2070.0,0.003516057
2075.0,0.010170901
2080.0,0.017227823
2085.0,0.01340379
2090.0,0.010431825
2095.0,0.007507765
2100.0,0.018487958
2105.0,0.027004346
2110.0,0.027243882
2115.0,0.022445448
2120.0,0.02523605
2125.0,0.024993092
2130.0,0.008405172
2135.0,0.021317914
2140.0,0.024734734
2145.0,0.02644229
2150.0,0.028616939
2155.0,0.024679128
2160.0,0.022602856
2165.0,0.008050146
2170.0,0.0
2175.0,0.010531917
2180.0,0.027112134
2185.0,0.029088313
2190.0,0.021182748
2195.0,0.016948935
2200.0,0.02533443
2205.0,0.023298368
2210.0,0.030316796
2215.0,0.01468788
2220.0,0.021131417
2225.0,0.023172611
2230.0,0.016048105
2235.0,0.022698672
2240.0,0.029469863
2245.0,0.028893262
2250.0,0.015859898
2255.0,0.030055871
2260.0,0.030409189
2265.0,0.017984075
2270.0,0.01341149
2275.0,0.013985524
2280.0,0.014978745
2285.0,0.011571336
2290.0,0.019980785
2295.0,0.021974929
2300.0,0.022897145
2305.0,0.020785801
2310.0,0.024262505
2315.0,0.018609438
2320.0,0.02629429
2325.0,0.03769538
2330.0,0.029383458
2335.0,0.022270927
2340.0,0.0257194
2345.0,0.021536918
2350.0,0.021488156
2355.0,0.02400158
2360.0,0.026977824
2365.0,0.025213806
2370.0,0.028738419
2375.0,0.025753621
2380.0,0.024679128
2385.0,0.021418005
2390.0,0.024586735
2395.0,0.023804817
2400.0,0.020405108
2405.0,0.019938866
2410.0,0.021369243
2415.0,0.024161557
2420.0,0.034461636
2425.0,0.042224336
2430.0,0.046279352
2435.0,0.04614162
2440.0,0.04579258
2445.0,0.038721967
2450.0,0.022898002
2455.0,0.016314162
2460.0,0.023981905
2465.0,0.027900897
2470.0,0.02669038
2475.0,0.027159186
2480.0,0.028510004
2485.0,0.023190578
2490.0,0.017701766
2495.0,0.028004412
2500.0,0.040487695
2505.0,0.040817056
2510.0,0.03556864
2515.0,0.02715149
2520.0,0.022637932
2525.0,0.021921888
2530.0,0.027771717
2535.0,0.030630762
2540.0,0.029901028
2545.0,0.032334033
2550.0,0.036341142
2555.0,0.043437418
2560.0,0.04514925
2565.0,0.052777644
2570.0,0.06406068
2575.0,0.06731838
2580.0,0.07322894
2585.0,0.06904902
2590.0,0.06473822
2595.0,0.05373322
2600.0,0.048812453
2605.0,0.047289684
2610.0,0.044995263
2615.0,0.050157283
2620.0,0.059015863
2625.0,0.054759808
2630.0,0.05831522
2635.0,0.09903304
2640.0,0.13496013
2645.0,0.13269565
2650.0,0.12525205
2655.0,0.14270401
2660.0,0.13952586
2665.0,0.1291719
2670.0,0.13582331
2675.0,0.13130891
2680.0,0.13113952
2685.0,0.13129522
2690.0,0.12205508
2695.0,0.11727633
2700.0,0.13005732
2705.0,0.13773619
2710.0,0.13064933
2715.0,0.12210043
2720.0,0.09558542
2725.0,0.10432081
2730.0,0.11186365
2735.0,0.095984936
2740.0,0.073116876
2745.0,0.065555215
2750.0,0.07424527
2755.0,0.083256125
2760.0,0.10085865
2765.0,0.119946316
2770.0,0.129787
2775.0,0.11355666
2780.0,0.093669124
2785.0,0.08091637
2790.0,0.054933473
2795.0,0.038337
2800.0,0.038866546
2805.0,0.049821075
2810.0,0.07087379
2815.0,0.11277219
2820.0,0.13770881
2825.0,0.14737156
2830.0,0.15715235
2835.0,0.15613432
2840.0,0.14642026
2845.0,0.11896677
2850.0,0.0798778
2855.0,0.0942808
2860.0,0.14947948
2865.0,0.16929343
2870.0,0.16499205
2875.0,0.16338202
2880.0,0.14747506
2885.0,0.17578916
2890.0,0.192715
2895.0,0.19677857
2900.0,0.21335879
2905.0,0.22025402
2910.0,0.22831187
2915.0,0.23448336
2920.0,0.22585063
2925.0,0.21506293
2930.0,0.21834372
2935.0,0.22533819
2940.0,0.22885855
2945.0,0.23323521
2950.0,0.23327711
2955.0,0.24274482
2960.0,0.24252838
2965.0,0.22081436
2970.0,0.22652733
2975.0,0.24472354
2980.0,0.22542971
2985.0,0.21008141
2990.0,0.23132062
2995.0,0.23289129
3000.0,0.21203534
3005.0,0.22083917
3010.0,0.2411964
3015.0,0.2332874
3020.0,0.23040013
3025.0,0.2594234
3030.0,0.2880583
3035.0,0.28749457
3040.0,0.2782065
3045.0,0.286734
3050.0,0.29101062
3055.0,0.2696508
3060.0,0.26734695
3065.0,0.28414276
3070.0,0.30619553
3075.0,0.30850706
3080.0,0.31778398
3085.0,0.3332435
3090.0,0.2821127
3095.0,0.2567577
3100.0,0.27239776
3105.0,0.32304865
3110.0,0.34651297
3115.0,0.32872567
3120.0,0.29581672
3125.0,0.29859537
3130.0,0.3356825
3135.0,0.33703077
3140.0,0.31026423
3145.0,0.28222302
3150.0,0.28204596
3155.0,0.26601666
3160.0,0.28309134
3165.0,0.303357
3170.0,0.3280267
3175.0,0.32498205
3180.0,0.296265
3185.0,0.28909004
3190.0,0.29041603
3195.0,0.30595428
3200.0,0.37153172
3205.0,0.34876207
3210.0,0.33851928
3215.0,0.32720375
3220.0,0.3128504
3225.0,0.29497495
3230.0,0.28723192
3235.0,0.30015662
3240.0,0.31767446
3245.0,0.32481524
3250.0,0.33764243
3255.0,0.37193382
3260.0,0.4113068
3265.0,0.4348045
3270.0,0.4353546
3275.0,0.41445243
3280.0,0.39397547
3285.0,0.39537418
3290.0,0.4180104
3295.0,0.451318
3300.0,0.46711633
3305.0,0.4453544
3310.0,0.41612917
3315.0,0.41115966
3320.0,0.4185297
3325.0,0.42003965
3330.0,0.41602483
3335.0,0.41208273
3340.0,0.41634306
3345.0,0.43201137
3350.0,0.44006747
3355.0,0.4236421
3360.0,0.3967062
3365.0,0.37819344
3370.0,0.37604272
3375.0,0.39100522
3380.0,0.4060798
3385.0,0.40797982
3390.0,0.4160274
3395.0,0.4463057
3400.0,0.46932518
3405.0,0.45682907
3410.0,0.43106517
3415.0,0.42092678
3420.0,0.4313783
3425.0,0.45478356
3430.0,0.4570352
3435.0,0.41469198
3440.0,0.3734335
3445.0,0.37834656
3450.0,0.4030043
3455.0,0.4130118
3460.0,0.4135867
3465.0,0.41614288
3470.0,0.4172405
3475.0,0.41167125
3480.0,0.40200338
3485.0,0.39461964
3490.0,0.40337557
3495.0,0.43508342
3500.0,0.4609106
3505.0,0.45469034
3510.0,0.44379315
3515.0,0.43959266
3520.0,0.42936105
3525.0,0.4228893
3530.0,0.44995522
3535.0,0.48474964
3540.0,0.50477403
3545.0,0.50995576
3550.0,0.5008166
3555.0,0.4844784
3560.0,0.46701536
3565.0,0.4244223
3570.0,0.38994527
3575.0,0.38096437
3580.0,0.3530352
3585.0,0.35384795
3590.0,0.40517724
3595.0,0.46700764
3600.0,0.48881236
3605.0,0.45645005
3610.0,0.41728154
3615.0,0.41775036
3620.0,0.43546754
3625.0,0.4751006
3630.0,0.47486016
3635.0,0.47497225
3640.0,0.4889809
3645.0,0.47231853
3650.0,0.48510382
3655.0,0.54923123
3660.0,0.58783084
3665.0,0.5834833
3670.0,0.56471467
3675.0,0.5501791
3680.0,0.52407044
3685.0,0.52017283
3690.0,0.53994316
3695.0,0.5691222
3700.0,0.5739685
3705.0,0.53576237
3710.0,0.53603363
3715.0,0.54926884
3720.0,0.4919349
3725.0,0.49108708
3730.0,0.47301063
3735.0,0.42227417
3740.0,0.43839243
3745.0,0.43022507
3750.0,0.44128397
3755.0,0.50444216
3760.0,0.5070488
3765.0,0.5192224
3770.0,0.55208343
3775.0,0.6177712
3780.0,0.6573273
3785.0,0.6181237
3790.0,0.54705226
3795.0,0.50905573
3800.0,0.5339325
3805.0,0.5888703
3810.0,0.58429086
3815.0,0.50663817
3820.0,0.43323642
3825.0,0.371702
3830.0,0.3341503
3835.0,0.33245474
3840.0,0.38791007
3845.0,0.48883975
3850.0,0.52959776
3855.0,0.5005616
3860.0,0.47556937
3865.0,0.5049075
3870.0,0.50437623
3875.0,0.49555102
3880.0,0.48931277
3885.0,0.48007095
3890.0,0.50240266
3895.0,0.5518875
3900.0,0.5708135
3905.0,0.58353543
3910.0,0.62551683
3915.0,0.6233242
3920.0,0.5523221
3925.0,0.4279161
3930.0,0.2894964
3935.0,0.27650923
3940.0,0.3959277
3945.0,0.5178357
3950.0,0.6053487
3955.0,0.60416037
3960.0,0.5014137
3965.0,0.3471392
3970.0,0.31703714
3975.0,0.48326024
3980.0,0.65478647
3985.0,0.72855526
3990.0,0.75414205
3995.0,0.7649058
4000.0,0.7747559
4005.0,0.7782309
4010.0,0.8002845
4015.0,0.8208325
4020.0,0.82848483
4025.0,0.81868696
4030.0,0.7967941
4035.0,0.8063824
4040.0,0.8167073
4045.0,0.78323716
4050.0,0.7919521
4055.0,0.78050995
4060.0,0.75996965
4065.0,0.75859404
4070.0,0.7726659
4075.0,0.7759228
4080.0,0.79608065
4085.0,0.8418912
4090.0,0.85335904
4095.0,0.7905294
4100.0,0.7174861
4105.0,0.7531779
4110.0,0.82992804
4115.0,0.86248106
4120.0,0.85728914
4125.0,0.8349335
4130.0,0.8142025
4135.0,0.8256797
4140.0,0.8419947
4145.0,0.8327572
4150.0,0.83175707
4155.0,0.8319376
4160.0,0.8502921
4165.0,0.848795
4170.0,0.81986237
4175.0,0.79906803
4180.0,0.8048793
4185.0,0.8056536
4190.0,0.8099233
4195.0,0.79516613
4200.0,0.7809394
4205.0,0.8195356
4210.0,0.85659534
4215.0,0.8512528
4220.0,0.81566703
4225.0,0.7558966
4230.0,0.7670804
4235.0,0.79117787
4240.0,0.80627465
4245.0,0.79971564
4250.0,0.778378
4255.0,0.7771427
4260.0,0.7834468
4265.0,0.780539
4270.0,0.73988193
4275.0,0.7454623
4280.0,0.77224505
4285.0,0.7584007
4290.0,0.7232324
4295.0,0.67311364
4300.0,0.5955226
4305.0,0.55830795
4310.0,0.59378844
4315.0,0.7365934
4320.0,0.8315372
4325.0,0.81566024
4330.0,0.82632554
4335.0,0.78793895
4340.0,0.7304057
4345.0,0.77355224
4350.0,0.82180774
4355.0,0.84466726
4360.0,0.8697271
4365.0,0.8801897
4370.0,0.85825074
4375.0,0.8253503
4380.0,0.79037195
4385.0,0.7596249
4390.0,0.79660594
4395.0,0.83331835
4400.0,0.8407825
4405.0,0.83886105
4410.0,0.8719916
4415.0,0.89060783
4420.0,0.9103217
4425.0,0.9145461
4430.0,0.90896666
4435.0,0.89861864
4440.0,0.9091411
4445.0,0.92226005
4450.0,0.9189416
4455.0,0.874001
4460.0,0.86174965
4465.0,0.8931357
4470.0,0.9341231
4475.0,0.9540089
4480.0,0.9427883
4485.0,0.94035107
4490.0,0.941423
4495.0,0.95184624
4500.0,0.97687185
4505.0,0.9987938
4510.0,1.0
4515.0,0.9765194
4520.0,0.95731884
4525.0,0.9058655
4530.0,0.87545794
4535.0,0.9092815
4540.0,0.94628215
4545.0,0.9341864
4550.0,0.9167088
4555.0,0.94113815
4560.0,0.9678866
4565.0,0.9675556
4570.0,0.9724524
4575.0,0.96636647
4580.0,0.94373196
4585.0,0.9428345
4590.0,0.94657725
4595.0,0.93936896
4600.0,0.9369291
4605.0,0.95463943
4610.0,0.96674293
4615.0,0.9647761
4620.0,0.9731137
4625.0,0.9748358
4630.0,0.96995014
4635.0,0.9519934
4640.0,0.9425865
4645.0,0.92537916
4650.0,0.9226382
4655.0,0.9437294
4660.0,0.9566986
4665.0,0.91708004
4670.0,0.90929514
4675.0,0.92666066
4680.0,0.9340974
4685.0,0.94107735
4690.0,0.940807
4695.0,0.93318117
4700.0,0.90512806
4705.0,0.89845604
4710.0,0.9139439
4715.0,0.9438979
4720.0,0.96646744
4725.0,0.94927806
4730.0,0.91985434
4735.0,0.928056
4740.0,0.9481677
4745.0,0.9633569
4750.0,0.9585319
4755.0,0.9422801
4760.0,0.9344807
4765.0,0.9257171
4770.0,0.9453035
4775.0,0.9688303
4780.0,0.97111785
4785.0,0.9528609
4790.0,0.949125
4795.0,0.9653493
4800.0,0.96736306
4805.0,0.95713484
4810.0,0.9520096
4815.0,0.9671168
4820.0,0.9684393
4825.0,0.9541458
4830.0,0.948515
4835.0,0.9419859
4840.0,0.9329169
4845.0,0.9397368
4850.0,0.9215671
4855.0,0.8373058
4860.0,0.74517906
4865.0,0.7871673
4870.0,0.85030836
4875.0,0.8923026
4880.0,0.91695255
4885.0,0.8949965
4890.0,0.88506
4895.0,0.92772746
4900.0,0.95381045
4905.0,0.95128334
4910.0,0.92739725
4915.0,0.8966057
4920.0,0.8576014
4925.0,0.89745605
4930.0,0.93886334
4935.0,0.91953534
4940.0,0.91224396
4945.0,0.94530094
4950.0,0.9545658
4955.0,0.9226707
4960.0,0.9135024
4965.0,0.9341993
4970.0,0.93459535
4975.0,0.92583
4980.0,0.8896711
4985.0,0.88521653
4990.0,0.9169098
4995.0,0.9178321
5000.0,0.8987923
5005.0,0.87277603
5010.0,0.8672487
5015.0,0.8542992
5020.0,0.85988384
5025.0,0.8873972
5030.0,0.9062333
5035.0,0.890962
5040.0,0.8635111
5045.0,0.88027185
5050.0,0.8960154
5055.0,0.9118283
5060.0,0.9248573
5065.0,0.9065097
5070.0,0.8926174
5075.0,0.87721777
5080.0,0.866466
5085.0,0.89053255
5090.0,0.913902
5095.0,0.8958443
5100.0,0.88016057
5105.0,0.88121885
5110.0,0.88899183
5115.0,0.9078031
5120.0,0.89737904
5125.0,0.87210876
5130.0,0.8685516
5135.0,0.86340755
5140.0,0.84709084
5145.0,0.8537466
5150.0,0.8694918
5155.0,0.88066447
5160.0,0.86124575
5165.0,0.76279104
5170.0,0.70438
5175.0,0.76018864
5180.0,0.78171957
5185.0,0.7776714
5190.0,0.81889653
5195.0,0.84450984
5200.0,0.86245716
5205.0,0.84732866
5210.0,0.85011154
5215.0,0.8714569
5220.0,0.87641525
5225.0,0.8460266
5230.0,0.83552635
5235.0,0.86694676
5240.0,0.9018541
5245.0,0.89790434
5250.0,0.8817843
5255.0,0.8835013
5260.0,0.86017984
5265.0,0.7915842
5270.0,0.7816956
5275.0,0.82976377
5280.0,0.86396194
5285.0,0.8916686
5290.0,0.9095671
5295.0,0.8866581
5300.0,0.8703413
5305.0,0.89849716
5310.0,0.91922134
5315.0,0.91044486
5320.0,0.8814695
5325.0,0.8380338
5330.0,0.8419999
5335.0,0.87142944
5340.0,0.8699838
5345.0,0.8743133
5350.0,0.887262
5355.0,0.90897524
5360.0,0.90506816
5365.0,0.8682565
5370.0,0.85112363
5375.0,0.8730959
5380.0,0.88988924
5385.0,0.88777363
5390.0,0.8740823
5395.0,0.8564918
5400.0,0.84523785
5405.0,0.83447325
5410.0,0.8469078
5415.0,0.868614
5420.0,0.87497723
5425.0,0.8686586
5430.0,0.86038685
5435.0,0.8733544
5440.0,0.8946791
5445.0,0.87691313
5450.0,0.872332
5455.0,0.87244755
5460.0,0.8748882
5465.0,0.8767447
5470.0,0.8760825
5475.0,0.85917205
5480.0,0.8543899
5485.0,0.8692001
5490.0,0.87568724
5495.0,0.87811345
5500.0,0.87528175
5505.0,0.8651374
5510.0,0.8620439
5515.0,0.87062454
5520.0,0.8793248
5525.0,0.86266583
5530.0,0.8517071
5535.0,0.8608146
5540.0,0.8678569
5545.0,0.8750884
5550.0,0.886108
5555.0,0.87773186
5560.0,0.8638678
5565.0,0.8554772
5570.0,0.8433181
5575.0,0.8523299
5580.0,0.8582036
5585.0,0.83154917
5590.0,0.8139022
5595.0,0.8232843
5600.0,0.8283471
5605.0,0.8485332
5610.0,0.86761576
5615.0,0.84306234
5620.0,0.83581465
5625.0,0.8484716
5630.0,0.85794353
5635.0,0.85465336
5640.0,0.85018426
5645.0,0.85579205
5650.0,0.85859203
5655.0,0.8392255
5660.0,0.8264787
5665.0,0.8373434
5670.0,0.85205615
5675.0,0.85659534
5680.0,0.8470429
5685.0,0.8357154
5690.0,0.84166706
5695.0,0.84986174
5700.0,0.8430649
5705.0,0.82394904
5710.0,0.8099036
5715.0,0.83018124
5720.0,0.8544848
5725.0,0.8640013
5730.0,0.8619336
5735.0,0.860848
5740.0,0.85975546
5745.0,0.8527379
5750.0,0.84351575
5755.0,0.8366017
5760.0,0.8387943
5765.0,0.8462773
5770.0,0.8538509
5775.0,0.84797287
5780.0,0.8320984
5785.0,0.82810926
5790.0,0.83715093
5795.0,0.84361327
5800.0,0.84902084
5805.0,0.8490371
5810.0,0.8465767
5815.0,0.8497437
5820.0,0.85423845
5825.0,0.8558887
5830.0,0.8565603
5835.0,0.8557509
5840.0,0.85959464
5845.0,0.85353184
5850.0,0.8410075
5855.0,0.825299
5860.0,0.8243999
5865.0,0.8352184
5870.0,0.84703356
5875.0,0.8500568
5880.0,0.83861727
5885.0,0.80109125
5890.0,0.75358427
5895.0,0.7567941
5900.0,0.80100995
5905.0,0.8274694
5910.0,0.82619125
5915.0,0.82311493
5920.0,0.8252417
5925.0,0.8210455
5930.0,0.81627876
5935.0,0.8230799
5940.0,0.8240765
5945.0,0.81622654
5950.0,0.8086717
5955.0,0.8141007
5960.0,0.81868094
5965.0,0.81932855
5970.0,0.8179435
5975.0,0.8105358
5980.0,0.8060642
5985.0,0.8003042
5990.0,0.80395025
5995.0,0.8099062
6000.0,0.8055116
6005.0,0.79667777
6010.0,0.79398984
6015.0,0.7890913
6020.0,0.78318846
6025.0,0.7890118
6030.0,0.8012418
6035.0,0.8079942
6040.0,0.80610615
6045.0,0.80809426
6050.0,0.80689913
6055.0,0.8044568
6060.0,0.80161136
6065.0,0.8018509
6070.0,0.80764854
6075.0,0.80221707
6080.0,0.78992796
6085.0,0.789164
6090.0,0.7875112
6095.0,0.784955
6100.0,0.7780478
6105.0,0.78216445
6110.0,0.79167485
6115.0,0.78625023
6120.0,0.7769981
6125.0,0.78144836
6130.0,0.78209853
6135.0,0.76565176
6140.0,0.7645559
6145.0,0.77651477
6150.0,0.77973485
6155.0,0.7711894
6160.0,0.75062686
6165.0,0.74470603
6170.0,0.7559899
6175.0,0.7722741
6180.0,0.7819377
6185.0,0.778124
6190.0,0.7692397
6195.0,0.77610844
6200.0,0.78585243
6205.0,0.7877858
6210.0,0.77974254
6215.0,0.76978207
6220.0,0.7680917
6225.0,0.7702569
6230.0,0.7613923
6235.0,0.761311
6240.0,0.76279193
6245.0,0.7571029
6250.0,0.7551267
6255.0,0.74800736
6260.0,0.75360566
6265.0,0.76017326
6270.0,0.76638407
6275.0,0.7566332
6280.0,0.7454212
6285.0,0.75998676
6290.0,0.7642958
6295.0,0.75614303
6300.0,0.7456248
6305.0,0.7521856
6310.0,0.7549077
6315.0,0.7443424
6320.0,0.74600637
6325.0,0.7576093
6330.0,0.75986785
6335.0,0.74926233
6340.0,0.74773186
6345.0,0.7549967
6350.0,0.75876766
6355.0,0.7517373
6360.0,0.74206936
6365.0,0.74508584
6370.0,0.7555023
6375.0,0.75760674
6380.0,0.754101
6385.0,0.7541771
6390.0,0.75148916
6395.0,0.742788
6400.0,0.73996234
6405.0,0.7397134
6410.0,0.7357243
6415.0,0.73679787
6420.0,0.73708445
6425.0,0.7436264
6430.0,0.7435905
6435.0,0.74067754
6440.0,0.742178
6445.0,0.745736
6450.0,0.7386577
6455.0,0.7353461
6460.0,0.73095065
6465.0,0.7313493
6470.0,0.7352837
6475.0,0.73606217
6480.0,0.7362435
6485.0,0.73597914
6490.0,0.72285086
6495.0,0.70339614
6500.0,0.71908844
6505.0,0.7367748
6510.0,0.7422413
6515.0,0.7340569
6520.0,0.7311038
6525.0,0.73299694
6530.0,0.7334726
6535.0,0.7325974
6540.0,0.7288162
6545.0,0.72154623
6550.0,0.7081869
6555.0,0.66766584
6560.0,0.5923316
6565.0,0.60845923
6570.0,0.6748468
6575.0,0.70620817
6580.0,0.7187308
6585.0,0.71835953
6590.0,0.7128331
6595.0,0.71234375
6600.0,0.7215223
6605.0,0.7177667
6610.0,0.71779495
6615.0,0.72213566
6620.0,0.7239861
6625.0,0.71981645
6630.0,0.7106525
6635.0,0.7074529
6640.0,0.71070296
6645.0,0.7113634
6650.0,0.71496576
6655.0,0.715012
6660.0,0.70958483
6665.0,0.7070209
6670.0,0.7098491
6675.0,0.7043441
6680.0,0.7030403
6685.0,0.70834434
6690.0,0.70910144
6695.0,0.70498484
6700.0,0.70291114
6705.0,0.70290256
6710.0,0.70209414
6715.0,0.6950714
6720.0,0.6936796
6725.0,0.6978184
6730.0,0.69961494
6735.0,0.7004807
6740.0,0.69957554
6745.0,0.6975763
6750.0,0.69522375
6755.0,0.69670796
6760.0,0.6980229
6765.0,0.6946197
6770.0,0.6910096
6775.0,0.69405085
6780.0,0.6954376
6785.0,0.6948148
6790.0,0.6951322
6795.0,0.6923981
6800.0,0.6920353
6805.0,0.6896793
6810.0,0.69056386
6815.0,0.6916435
6820.0,0.6907196
6825.0,0.6907059
6830.0,0.688527
6835.0,0.6846259
6840.0,0.6806342
6845.0,0.6797171
6850.0,0.68138707
6855.0,0.6800456
6860.0,0.6790918
6865.0,0.6808686
6870.0,0.68015254
6875.0,0.6810928
6880.0,0.6809559
6885.0,0.6786119
6890.0,0.6785477
6895.0,0.678836
6900.0,0.6789968
6905.0,0.6791962
6910.0,0.67850494
6915.0,0.67601204
6920.0,0.6751257
6925.0,0.67611295
6930.0,0.6762678
6935.0,0.6769779
6940.0,0.6758204
6945.0,0.6738981
6950.0,0.6741522
6955.0,0.67430615
6960.0,0.67503506
6965.0,0.6765518
6970.0,0.67683583
6975.0,0.6694667
6980.0,0.66706616
6985.0,0.67276454
6990.0,0.67197925
6995.0,0.6701117
7000.0,0.66387177
7005.0,0.6587542
7010.0,0.6613096
7015.0,0.65640247
7020.0,0.6575155
7025.0,0.65691495
7030.0,0.6615012
7035.0,0.65933174
7040.0,0.6629051
7045.0,0.6701776
7050.0,0.6672167
7055.0,0.66202563
7060.0,0.6603788
7065.0,0.659087
7070.0,0.6610452
7075.0,0.6640352
7080.0,0.6613883
7085.0,0.65439725
7090.0,0.6543527
7095.0,0.6589553
7100.0,0.6627263
7105.0,0.66189986
7110.0,0.6571485
7115.0,0.65522194
7120.0,0.65653765
7125.0,0.65470946
7130.0,0.65413976
7135.0,0.65928894
7140.0,0.6636665
7145.0,0.6543699
7150.0,0.6490992
7155.0,0.65646154
7160.0,0.65391904
7165.0,0.6394031
7170.0,0.6359957
7175.0,0.62968045
7180.0,0.6230351
7185.0,0.6042383
7190.0,0.5983782
7195.0,0.6061032
7200.0,0.61232686
7205.0,0.6168961
7210.0,0.63134694
7215.0,0.6438628
7220.0,0.6437464
7225.0,0.64320487
7230.0,0.63949376
7235.0,0.627096
7240.0,0.6255416
7245.0,0.62815344
7250.0,0.6311254
7255.0,0.62737495
7260.0,0.6282826
7265.0,0.6279267
7270.0,0.6280901
7275.0,0.6178311
7280.0,0.6164033
7285.0,0.6136161
7290.0,0.60315686
7295.0,0.6129052
7300.0,0.62374425
7305.0,0.61578566
7310.0,0.6136469
7315.0,0.6222437
7320.0,0.62575376
7325.0,0.62187845
7330.0,0.6192666
7335.0,0.6249804
7340.0,0.631791
7345.0,0.6289559
7350.0,0.6212428
7355.0,0.6163297
7360.0,0.6182075
7365.0,0.6187662
7370.0,0.6212248
7375.0,0.6222283
7380.0,0.61958057
7385.0,0.60486615
7390.0,0.5975363
7395.0,0.6059304
7400.0,0.610367
7405.0,0.6088896
7410.0,0.600244
7415.0,0.5982131
7420.0,0.60154605
7425.0,0.6105646
7430.0,0.6185934
7435.0,0.6207748
7440.0,0.61462986
7445.0,0.6069425
7450.0,0.6111284
7455.0,0.6165342
7460.0,0.6146222
7465.0,0.61635965
7470.0,0.6197765
7475.0,0.61622363
7480.0,0.61269903
7485.0,0.61193854
7490.0,0.607922
7495.0,0.6017539
7500.0,0.60431266
7505.0,0.603287
7510.0,0.5965448
7515.0,0.6022467
7520.0,0.6056575
7525.0,0.60078466
7530.0,0.59885895
7535.0,0.6037677
7540.0,0.6078852
7545.0,0.6060125
7550.0,0.6031988
7555.0,0.60073334
7560.0,0.5997923
7565.0,0.60010624
7570.0,0.59828234
7575.0,0.59822845
7580.0,0.59729
7585.0,0.5962035
7590.0,0.5997367
7595.0,0.6030542
7600.0,0.6027197
7605.0,0.59868956
7610.0,0.5935078
7615.0,0.5904546
7620.0,0.59168226
7625.0,0.59412295
7630.0,0.59446687
7635.0,0.5954421
7640.0,0.59520084
7645.0,0.5937868
7650.0,0.5921083
7655.0,0.58864695
7660.0,0.5844568
7665.0,0.5835397
7670.0,0.58702415
7675.0,0.589831
7680.0,0.5889498
7685.0,0.58718324
7690.0,0.5862294
7695.0,0.5841976
7700.0,0.5848708
7705.0,0.5863774
7710.0,0.5854209
7715.0,0.5827758
7720.0,0.5824165
7725.0,0.5809356
7730.0,0.58034873
7735.0,0.5840291
7740.0,0.58202636
7745.0,0.5721549
7750.0,0.5686987
7755.0,0.57697815
7760.0,0.5811555
7765.0,0.58226675
7770.0,0.57828444
7775.0,0.57231313
7780.0,0.5698639
7785.0,0.57239527
7790.0,0.5740823
7795.0,0.57331836
7800.0,0.57114285
7805.0,0.5710162
7810.0,0.57062185
7815.0,0.57471365
7820.0,0.5761329
7825.0,0.5754665
7830.0,0.56796557
7835.0,0.56281036
7840.0,0.5676456
7845.0,0.5695576
7850.0,0.56836677
7855.0,0.5691504
7860.0,0.57046956
7865.0,0.5693626
7870.0,0.5675635
7875.0,0.5663752
7880.0,0.56376
7885.0,0.5686473
7890.0,0.56748563
7895.0,0.561593
7900.0,0.5593645
7905.0,0.5615263
7910.0,0.5615254
7915.0,0.5582558
7920.0,0.55382514
7925.0,0.5528157
7930.0,0.54971886
7935.0,0.5454551
7940.0,0.5447202
7945.0,0.54158145
7950.0,0.54688287
7955.0,0.5523392
7960.0,0.5529295
7965.0,0.55499125
7970.0,0.5565491
7975.0,0.55682963
7980.0,0.5564062
7985.0,0.55662775
7990.0,0.55513406
7995.0,0.5472841
8000.0,0.5410177
8005.0,0.54539865
8010.0,0.5480404
8015.0,0.55007297
8020.0,0.54942024
8025.0,0.5423189
8030.0,0.5391903
8035.0,0.5436466
8040.0,0.5451317
8045.0,0.5374853
8050.0,0.5352585
8055.0,0.5421452
8060.0,0.54730976
8065.0,0.54457223
8070.0,0.54121184
8075.0,0.540761
8080.0,0.5416413
8085.0,0.5380876
8090.0,0.53616023
8095.0,0.5316851
8100.0,0.5316484
8105.0,0.53674793
8110.0,0.539713
8115.0,0.53715855
8120.0,0.536132
8125.0,0.53791827
8130.0,0.535877
8135.0,0.5326929
8140.0,0.5291888
8145.0,0.524215
8150.0,0.52082556
8155.0,0.52061
8160.0,0.518615
8165.0,0.5126557
8170.0,0.51171124
8175.0,0.512411
8180.0,0.5100328
8185.0,0.5075766
8190.0,0.50737983
8195.0,0.49807298
8200.0,0.49990204
8205.0,0.5166525
8210.0,0.523481
8215.0,0.5208093
8220.0,0.5094356
8225.0,0.49940926
8230.0,0.49023587
8235.0,0.5031204
8240.0,0.51552665
8245.0,0.5186184
8250.0,0.5185816
8255.0,0.5144205
8260.0,0.51667476
8265.0,0.5218941
8270.0,0.520675
8275.0,0.5113818
8280.0,0.50699747
8285.0,0.50807625
8290.0,0.50639945
8295.0,0.5064508
8300.0,0.5071951
8305.0,0.50576556
8310.0,0.50513935
8315.0,0.5046585
8320.0,0.50344205
8325.0,0.50229484
8330.0,0.49711227
8335.0,0.4939718
8340.0,0.4941352
8345.0,0.49725
8350.0,0.5041504
8355.0,0.50867
8360.0,0.5066595
8365.0,0.50460035
8370.0,0.5041966
8375.0,0.5045311
8380.0,0.5033642
8385.0,0.49683937
8390.0,0.49575123
8395.0,0.5019723
8400.0,0.504869
8405.0,0.50273544
8410.0,0.5012982
8415.0,0.5003007
8420.0,0.4985923
8425.0,0.49778983
8430.0,0.498156
8435.0,0.49414292
8440.0,0.49356797
8445.0,0.49448767
8450.0,0.49740317
8455.0,0.50164294
8460.0,0.50214255
8465.0,0.4965254
8470.0,0.4918861
8475.0,0.49529606
8480.0,0.4971234
8485.0,0.49830312
8490.0,0.49253374
8495.0,0.462915
8500.0,0.44392914
8505.0,0.4692516
8510.0,0.4849823
8515.0,0.48067835
8520.0,0.4816117
8525.0,0.47968945
8530.0,0.47615883
8535.0,0.45606425
8540.0,0.402574
8545.0,0.38941827
8550.0,0.4219089
8555.0,0.45180562
8560.0,0.46931148
8565.0,0.47660026
8570.0,0.47570714
8575.0,0.47437
8580.0,0.47193697
8585.0,0.47065118
8590.0,0.47042364
8595.0,0.46874517
8600.0,0.4689034
8605.0,0.47170088
8610.0,0.46984017
8615.0,0.46653113
8620.0,0.4683867
8625.0,0.47045612
8630.0,0.47351366
8635.0,0.4751853
8640.0,0.4736086
8645.0,0.4690865
8650.0,0.46526074
8655.0,0.45203146
8660.0,0.4135311
8665.0,0.39350837
8670.0,0.4147938
8675.0,0.44105387
8680.0,0.45699075
8685.0,0.45547056
8690.0,0.4523985
8695.0,0.46328628
8700.0,0.47243658
8705.0,0.47261626
8710.0,0.46805823
8715.0,0.46769547
8720.0,0.471108
8725.0,0.4699026
8730.0,0.46683398
8735.0,0.4632452
8740.0,0.46296206
8745.0,0.46407673
8750.0,0.46120915
8755.0,0.46004054
8760.0,0.46411014
8765.0,0.4655131
8770.0,0.4642051
8775.0,0.463797
8780.0,0.46553278
8785.0,0.46369863
8790.0,0.45808747
8795.0,0.4574168
8800.0,0.45636368
8805.0,0.44431412
8810.0,0.4446854
8815.0,0.45711395
8820.0,0.45940065
8825.0,0.45638162
8830.0,0.45939896
8835.0,0.45558092
8840.0,0.45241302
8845.0,0.4558701
8850.0,0.4579754
8855.0,0.45682994
8860.0,0.45048648
8865.0,0.44400018
8870.0,0.44589677
8875.0,0.45156866
8880.0,0.4541035
8885.0,0.4563226
8890.0,0.45619172
8895.0,0.45320946
8900.0,0.45394006
8905.0,0.45677003
8910.0,0.45499146
8915.0,0.45418218
8920.0,0.4510297
8925.0,0.44676766
8930.0,0.44598743
8935.0,0.45103312
8940.0,0.45105106
8945.0,0.44574794
8950.0,0.44370845
8955.0,0.44643316
8960.0,0.44565293
8965.0,0.44175708
8970.0,0.44033524
8975.0,0.4405705
8980.0,0.44461355
8985.0,0.4372435
8990.0,0.4285047
8995.0,0.4445853
9000.0,0.43665323
9005.0,0.43136546
9010.0,0.43390027
9015.0,0.43013784
9020.0,0.43412864
9025.0,0.4358927
9030.0,0.44548956
9035.0,0.45191512
9040.0,0.45002705
9045.0,0.44946584
9050.0,0.44898084
9055.0,0.44720823
9060.0,0.43887663
9065.0,0.4350346
9070.0,0.43547603
9075.0,0.43507913
9080.0,0.4292293
9085.0,0.42677063
9090.0,0.42367032
9095.0,0.42179936
9100.0,0.42665428
9105.0,0.4313783
9110.0,0.43384382
9115.0,0.4309916
9120.0,0.4316751
9125.0,0.4354376
9130.0,0.42932168
9135.0,0.42571753
9140.0,0.43261704
9145.0,0.43151945
9150.0,0.42407238
9155.0,0.41993955
9160.0,0.43042186
9165.0,0.43420824
9170.0,0.42620856
9175.0,0.42164025
9180.0,0.42624277
9185.0,0.43200874
9190.0,0.431161
9195.0,0.4289162
9200.0,0.43237323
9205.0,0.43081367
9210.0,0.42430338
9215.0,0.41947672
9220.0,0.42343336
9225.0,0.43215504
9230.0,0.4296733
9235.0,0.42241704
9240.0,0.42079246
9245.0,0.42349494
9250.0,0.42334267
9255.0,0.41825253
9260.0,0.41865972
9265.0,0.4295869
9270.0,0.43395156
9275.0,0.4332612
9280.0,0.43151343
9285.0,0.43100357
9290.0,0.43049285
9295.0,0.42524102
9300.0,0.424424
9305.0,0.41754502
9310.0,0.41550726
9315.0,0.40680695
9320.0,0.39739916
9325.0,0.39732814
9330.0,0.40110767
9335.0,0.3893524
9340.0,0.38116968
9345.0,0.377823
9350.0,0.39917344
9355.0,0.38560024
9360.0,0.39157242
9365.0,0.40085873
9370.0,0.39559236
9375.0,0.39901003
9380.0,0.40159702
9385.0,0.41450205
9390.0,0.43045607
9395.0,0.4418443
9400.0,0.43233126
9405.0,0.42426917
9410.0,0.41110405
9415.0,0.40847942
9420.0,0.40898246
9425.0,0.39979792
9430.0,0.39561117
9435.0,0.4020992
9440.0,0.378989
9445.0,0.39266142
9450.0,0.40942731
9455.0,0.39507905
9460.0,0.38875958
9465.0,0.406191
9470.0,0.409731
9475.0,0.4041652
9480.0,0.39816222
9485.0,0.4072133
9490.0,0.4150966
9495.0,0.39386168
9500.0,0.3814383
9505.0,0.40681806
9510.0,0.41710272
9515.0,0.40250295
9520.0,0.38603225
9525.0,0.39350408
9530.0,0.40005288
9535.0,0.4076787
9540.0,0.40843406
9545.0,0.3948763
9550.0,0.3953665
9555.0,0.3915707
9560.0,0.39384887
9565.0,0.39010867
9570.0,0.3910634
9575.0,0.40122575
9580.0,0.39274013
9585.0,0.3900077
9590.0,0.3851417
9595.0,0.38963643
9600.0,0.3958601
9605.0,0.39228502
9610.0,0.39267257
9615.0,0.39048508
9620.0,0.38702035
9625.0,0.38390383
9630.0,0.38382426
9635.0,0.37729
9640.0,0.3763584
9645.0,0.37558502
9650.0,0.37572533
9655.0,0.37616336
9660.0,0.37809077
9665.0,0.37848175
9670.0,0.38546506
9675.0,0.39320725
9680.0,0.39499435
9685.0,0.3980185
9690.0,0.39858654
9695.0,0.40075693
9700.0,0.3960466
9705.0,0.39339975
9710.0,0.3967447
9715.0,0.39832222
9720.0,0.39560688
9725.0,0.3928813
9730.0,0.39255023
9735.0,0.38531792
9740.0,0.3776947
9745.0,0.3759871
9750.0,0.37399724
9755.0,0.36778727
9760.0,0.36524904
9765.0,0.36875054
9770.0,0.37170625
9775.0,0.37008
9780.0,0.3742599
9785.0,0.37602305
9790.0,0.37042645
9795.0,0.36769658
9800.0,0.3698533
9805.0,0.37219217
9810.0,0.3761548
9815.0,0.3720151
9820.0,0.37965974
9825.0,0.37516928
9830.0,0.3777734
9835.0,0.37861004
9840.0,0.38060504
9845.0,0.37062407
9850.0,0.37575784
9855.0,0.3766099
9860.0,0.36885405
9865.0,0.36931688
9870.0,0.36855635
9875.0,0.36974463
9880.0,0.37314606
9885.0,0.36900118
9890.0,0.372069
9895.0,0.37102357
9900.0,0.36958122
9905.0,0.3747552
9910.0,0.37009624
9915.0,0.3604335
9920.0,0.3712263
9925.0,0.36747843
9930.0,0.36414203
9935.0,0.363562
9940.0,0.37293303
9945.0,0.3718671
9950.0,0.36862394
9955.0,0.3707139
9960.0,0.36866584
9965.0,0.36957866
9970.0,0.36629444
9975.0,0.3673518
9980.0,0.37006542
9985.0,0.36272362
9990.0,0.367552
9995.0,0.3691586
10000.0,0.36134714
10005.0,0.36676836
10010.0,0.36164317
10015.0,0.35957885
10020.0,0.3716943
10025.0,0.3637391
10030.0,0.365261
10035.0,0.35943
10040.0,0.35489163
10045.0,0.35065952
10050.0,0.3419002
10055.0,0.3481538
10060.0,0.3549464
10065.0,0.3509658
10070.0,0.3508854
10075.0,0.36091173
10080.0,0.359803
10085.0,0.35558456
10090.0,0.3540541
10095.0,0.34852767
10100.0,0.35368967
10105.0,0.35569152
10110.0,0.35806978
10115.0,0.35511747
10120.0,0.3550713
10125.0,0.34740013
10130.0,0.350621
10135.0,0.35093328
10140.0,0.34549922
10145.0,0.3509718
10150.0,0.35405925
10155.0,0.35262117
10160.0,0.35151333
10165.0,0.3548506
10170.0,0.35413027
10175.0,0.34340328
10180.0,0.3466721
10185.0,0.3477098
10190.0,0.34999996
10195.0,0.352178
10200.0,0.35287952
10205.0,0.35120362
10210.0,0.34810847
10215.0,0.34501672
10220.0,0.34334853
10225.0,0.34404317
10230.0,0.34610662
10235.0,0.34806314
10240.0,0.3484327
10245.0,0.34622726
10250.0,0.34240237
10255.0,0.33840382
10260.0,0.3356731
10265.0,0.33525902
10270.0,0.33661926
10275.0,0.33881444
10280.0,0.34090525
10285.0,0.34214485
10290.0,0.3425512
10295.0,0.34233135
10300.0,0.3416966
10305.0,0.34080344
10310.0,0.33960062
10315.0,0.33798546
10320.0,0.3358553
10325.0,0.33322555
10330.0,0.3305761
10335.0,0.3285058
10340.0,0.3276144
10345.0,0.32826114
10350.0,0.32985833
10355.0,0.331577
10360.0,0.33259076
10365.0,0.33238202
10370.0,0.33167368
10375.0,0.3314983
10380.0,0.33288848
10385.0,0.33643788
10390.0,0.3409857
10395.0,0.34493202
10400.0,0.3466772
10405.0,0.34516045
10410.0,0.34147757
10415.0,0.33726516
10420.0,0.33415887
10425.0,0.33328968
10430.0,0.33377305
10435.0,0.3342196
10440.0,0.33324096
10445.0,0.32995757
10450.0,0.32553127
10455.0,0.32163623
10460.0,0.31994322
10465.0,0.3215584
10470.0,0.32531485
10475.0,0.32947937
10480.0,0.33231872
10485.0,0.33259246
10490.0,0.33103636
10495.0,0.32887965
10500.0,0.32735175
10505.0,0.32589656
10510.0,0.32632774
10515.0,0.32689664
10520.0,0.32721147
10525.0,0.32699245
10530.0,0.32640558
10535.0,0.3257272
10540.0,0.32523614
10545.0,0.32511464
10550.0,0.325166
10555.0,0.32509753
10560.0,0.32461676
10565.0,0.3235303
10570.0,0.3220349
10575.0,0.32042828
10580.0,0.3190039
10585.0,0.317979
10590.0,0.31725273
10595.0,0.31664532
10600.0,0.3159746
10605.0,0.31510285
10610.0,0.3140472
10615.0,0.3128675
10620.0,0.3116236
10625.0,0.31334653
10630.0,0.3126134
10635.0,0.31187853
10640.0,0.3111471
10645.0,0.3104242
10650.0,0.309715
10655.0,0.30902377
10660.0,0.30835477
10665.0,0.30771315
10670.0,0.30710408
10675.0,0.30653176
10680.0,0.30600134
10685.0,0.305518
10690.0,0.3050851
10695.0,0.3047087
10700.0,0.30439302
10705.0,0.30414066
10710.0,0.30394816
10715.0,0.30381042
10720.0,0.3037206
10725.0,0.3036727
10730.0,0.30366242
10735.0,0.30368295
10740.0,0.3037283
10745.0,0.3037933
10750.0,0.30387202
10755.0,0.30395928
10760.0,0.30404824
10765.0,0.3041338
10770.0,0.30420995
10775.0,0.30427068
10780.0,0.3043109
10785.0,0.30432457
10790.0,0.30430576
10795.0,0.3042493
10800.0,0.30414835
10805.0,0.30400035
10810.0,0.30380443
10815.0,0.3035666
10820.0,0.30328858
10825.0,0.3029746
10830.0,0.30262643
10835.0,0.3022483
10840.0,0.3018445
10845.0,0.30141678
10850.0,0.3009685
10855.0,0.3005031
10860.0,0.3000249
10865.0,0.2995364
10870.0,0.2990402
10875.0,0.29854062
10880.0,0.29804015
10885.0,0.2975431
10890.0,0.2970512
10895.0,0.29656956
10900.0,0.2960999
10905.0,0.29564562
10910.0,0.2952068
10915.0,0.29478246
10920.0,0.29437354
10925.0,0.29397914
10930.0,0.29359847
10935.0,0.2932306
10940.0,0.2928773
10945.0,0.29253593
10950.0,0.2922066
10955.0,0.29189005
10960.0,0.29158464
10965.0,0.29129034
10970.0,0.2910072
10975.0,0.29073426
10980.0,0.29047164
10985.0,0.29021928
10990.0,0.28997546
10995.0,0.2897402
11000.0,0.28951436
11005.0,0.2892962
11010.0,0.28908405
11015.0,0.28887704
11020.0,0.28867343
11025.0,0.28847066
11030.0,0.28826708
11035.0,0.28806174
11040.0,0.2878513
11045.0,0.28763658
11050.0,0.28741327
11055.0,0.28718144
11060.0,0.28693846
11065.0,0.2866827
11070.0,0.28641236
11075.0,0.2861266
11080.0,0.28582206
11085.0,0.28549868
11090.0,0.28515393
11095.0,0.2847852
11100.0,0.28439254
11105.0,0.28397337
11110.0,0.28353107
11115.0,0.28306654
11120.0,0.2825832
11125.0,0.2820836
11130.0,0.28157115
11135.0,0.28104675
11140.0,0.28051376
11145.0,0.27997565
11150.0,0.27943328
11155.0,0.27889004
11160.0,0.27834937
11165.0,0.27781215
11170.0,0.2772826
11175.0,0.2767616
11180.0,0.27625343
11185.0,0.27575982
11190.0,0.2752833
11195.0,0.2748265
11200.0,0.27439275
11205.0,0.27398214
11210.0,0.27359542
11215.0,0.2732293
11220.0,0.27288368
11225.0,0.27255517
11230.0,0.2722429
11235.0,0.27194434
11240.0,0.2716586
11245.0,0.27138314
11250.0,0.27111623
11255.0,0.270857
11260.0,0.27060294
11265.0,0.27035144
11270.0,0.27010247
11275.0,0.26985267
11280.0,0.26960114
11285.0,0.26934537
11290.0,0.26908442
11295.0,0.26881582
11300.0,0.26853865
11305.0,0.26825035
11310.0,0.26795435
11315.0,0.26765063
11320.0,0.26734352
11325.0,0.26703385
11330.0,0.26672417
11335.0,0.2664179
11340.0,0.26611504
11345.0,0.2658199
11350.0,0.2655333
11355.0,0.2652587
11360.0,0.26499692
11365.0,0.26475137
11370.0,0.26452383
11375.0,0.26431596
11380.0,0.26413116
11385.0,0.2639712
11390.0,0.26383772
11395.0,0.2637334
11400.0,0.26366064
11405.0,0.26362044
11410.0,0.26360932
11415.0,0.263623
11420.0,0.2636572
11425.0,0.2637077
11430.0,0.26377013
11435.0,0.26383942
11440.0,0.26391214
11445.0,0.26398316
11450.0,0.2640482
11455.0,0.2641038
11460.0,0.264144
11465.0,0.2641654
11470.0,0.26416367
11475.0,0.26413372
11480.0,0.26407215
11485.0,0.26397374
11490.0,0.26383516
11495.0,0.2636504
11500.0,0.26341683
11505.0,0.26313025
11510.0,0.26279488
11515.0,0.26241505
11520.0,0.26199502
11525.0,0.2615416
11530.0,0.26105827
11535.0,0.26055008
11540.0,0.26002142
11545.0,0.25947818
11550.0,0.25892553
11555.0,0.25836688
11560.0,0.2578074
11565.0,0.25725305
11570.0,0.25670725
11575.0,0.256176
11580.0,0.2556644
11585.0,0.25517592
11590.0,0.25471735
11595.0,0.25429133
11600.0,0.25390467
11605.0,0.2535599
11610.0,0.2532562
11615.0,0.25299102
11620.0,0.25276256
11625.0,0.25256923
11630.0,0.25240672
11635.0,0.2522741
11640.0,0.2521689
11645.0,0.25208846
11650.0,0.25203112
11655.0,0.25199437
11660.0,0.25197467
11665.0,0.2519721
11670.0,0.2519824
11675.0,0.25200376
11680.0,0.2520337
11685.0,0.2520705
11690.0,0.25211155
11695.0,0.25215432
11700.0,0.25219712
11705.0,0.25223732
11710.0,0.25227323
11715.0,0.25230402
11720.0,0.25232884
11725.0,0.25234511
11730.0,0.25235194
11735.0,0.2523485
11740.0,0.25233227
11745.0,0.25230402
11750.0,0.25226042
11755.0,0.25220138
11760.0,0.2521244
11765.0,0.25202942
11770.0,0.2519148
11775.0,0.25177878
11780.0,0.25161967
11785.0,0.25143743
11790.0,0.25122955
11795.0,0.25099602
11800.0,0.25073335
11805.0,0.25044334
11810.0,0.25012597
11815.0,0.24978377
11820.0,0.24942018
11825.0,0.24903606
11830.0,0.24863485
11835.0,0.24821737
11840.0,0.24778791
11845.0,0.24734819
11850.0,0.24689905
11855.0,0.2464448
11860.0,0.24598627
11865.0,0.24552687
11870.0,0.24506833
11875.0,0.24461234
11880.0,0.24416237
11885.0,0.24372093
11890.0,0.2432889
11895.0,0.24286972
11900.0,0.24246508
11905.0,0.24207754
11910.0,0.24170625
11915.0,0.24135035
11920.0,0.24100818
11925.0,0.24068052
11930.0,0.24036485
11935.0,0.24006115
11940.0,0.23976856
11945.0,0.23948625
11950.0,0.23921251
11955.0,0.2389473
11960.0,0.23868896
11965.0,0.23843744
11970.0,0.23819189
11975.0,0.23795065
11980.0,0.23771283
11985.0,0.23747842
11990.0,0.23724572
11995.0,0.23701389
12000.0,0.23678207
12005.0,0.23655021
12010.0,0.23631838
12015.0,0.23608826
12020.0,0.23585898
12025.0,0.23563313
12030.0,0.23541072
12035.0,0.23519257
12040.0,0.23497956
12045.0,0.23477338
12050.0,0.23457319
12055.0,0.23438156
12060.0,0.23419848
12065.0,0.23402482
12070.0,0.23386143
12075.0,0.23370914
12080.0,0.23356971
12085.0,0.23344223
12090.0,0.23332931
12095.0,0.23323092
12100.0,0.23314793
12105.0,0.2330812
12110.0,0.23302902
12115.0,0.23299052
12120.0,0.23296316
12125.0,0.23294519
12130.0,0.23293665
12135.0,0.23293492
12140.0,0.2329375
12145.0,0.23294435
12150.0,0.23295376
12155.0,0.23296316
12160.0,0.23297086
12165.0,0.23297685
12170.0,0.23297857
12175.0,0.23297341
12180.0,0.23296146
12185.0,0.23294006
12190.0,0.2329084
12195.0,0.23286478
12200.0,0.2328066
12205.0,0.23273389
12210.0,0.23264578
12215.0,0.23254226
12220.0,0.23242418
12225.0,0.23229074
12230.0,0.23214361
12235.0,0.23198192
12240.0,0.23180653
12245.0,0.23161662
12250.0,0.231413
12255.0,0.23119572
12260.0,0.23096475
12265.0,0.23072094
12270.0,0.23046428
12275.0,0.2301948
12280.0,0.2299125
12285.0,0.22961734
12290.0,0.22931108
12295.0,0.22899112
12300.0,0.22866006
12305.0,0.22831786
12310.0,0.2279654
12315.0,0.22760522
12320.0,0.22723995
12325.0,0.22687037
12330.0,0.22649908
12335.0,0.22612782
12340.0,0.2257591
12345.0,0.22539467
12350.0,0.22503707
12355.0,0.22468716
12360.0,0.22434753
12365.0,0.22402073
12370.0,0.2237085
12375.0,0.22341162
12380.0,0.2231336
12385.0,0.22287609
12390.0,0.22264084
12395.0,0.2224304
12400.0,0.2222456
12405.0,0.22208904
12410.0,0.22195731
12415.0,0.22184952
12420.0,0.2217631
12425.0,0.22169381
12430.0,0.22164078
12435.0,0.22160058
12440.0,0.22157061
12445.0,0.22154838
12450.0,0.22153212
12455.0,0.22151844
12460.0,0.22150476
12465.0,0.22148935
12470.0,0.2214688
12475.0,0.22144058
12480.0,0.2214021
12485.0,0.22135161
12490.0,0.22128575
12495.0,0.22120276
12500.0,0.22109926
12505.0,0.22097348
12510.0,0.2208272
12515.0,0.22066124
12520.0,0.22047815
12525.0,0.2202797
12530.0,0.2200684
12535.0,0.21984424
12540.0,0.21960986
12545.0,0.21936774
12550.0,0.21911965
12555.0,0.21886642
12560.0,0.21861063
12565.0,0.21835399
12570.0,0.2180982
12575.0,0.21784498
12580.0,0.21759687
12585.0,0.21735477
12590.0,0.21712036
12595.0,0.21689624
12600.0,0.21668492
12605.0,0.2164856
12610.0,0.21629824
12615.0,0.21612202
12620.0,0.21595348
12625.0,0.21579266
12630.0,0.21563695
12635.0,0.21548383
12640.0,0.21533325
12645.0,0.21518268
12650.0,0.21503042
12655.0,0.21487556
12660.0,0.21471474
12665.0,0.21454792
12670.0,0.21437253
12675.0,0.2141869
12680.0,0.21399015
12685.0,0.21377969
12690.0,0.21355385
12695.0,0.21331175
12700.0,0.21305081
12705.0,0.21277021
12710.0,0.2124708
12715.0,0.21215512
12720.0,0.21182404
12725.0,0.21148014
12730.0,0.2111251
12735.0,0.21075982
12740.0,0.21038681
12745.0,0.21000783
12750.0,0.20962372
12755.0,0.2092379
12760.0,0.20885037
12765.0,0.20846368
12770.0,0.20808043
12775.0,0.2077006
12780.0,0.20732674
12785.0,0.20696145
12790.0,0.2066047
12795.0,0.20625994
12800.0,0.20592888
12805.0,0.20561148
12810.0,0.20530865
12815.0,0.2050212
12820.0,0.2047483
12825.0,0.20448995
12830.0,0.20424698
12835.0,0.20401771
12840.0,0.20380384
12845.0,0.20360366
12850.0,0.20341887
12855.0,0.20324862
12860.0,0.20309292
12865.0,0.20295177
12870.0,0.20282516
12875.0,0.20271224
12880.0,0.20261471
12885.0,0.20253173
12890.0,0.20246243
12895.0,0.20240769
12900.0,0.20236747
12905.0,0.20234096
12910.0,0.20232727
12915.0,0.2023247
12920.0,0.20233068
12925.0,0.20234352
12930.0,0.20236148
12935.0,0.20238288
12940.0,0.20240597
12945.0,0.20242907
12950.0,0.20245047
12955.0,0.20246758
12960.0,0.20247869
12965.0,0.20248297
12970.0,0.20247698
12975.0,0.20246072
12980.0,0.20243163
12985.0,0.20238715
12990.0,0.20232642
12995.0,0.20224686
13000.0,0.20214762
13005.0,0.202027
13010.0,0.20188583
13015.0,0.2017267
13020.0,0.20155048
13025.0,0.20136057
13030.0,0.20115696
13035.0,0.20094223
13040.0,0.20071809
13045.0,0.20048712
13050.0,0.20025015
13055.0,0.20000975
13060.0,0.19976678
13065.0,0.19952469
13070.0,0.19928345
13075.0,0.19904646
13080.0,0.19881463
13085.0,0.19858964
13090.0,0.19837406
13095.0,0.19816959
13100.0,0.19797711
13105.0,0.19779918
13110.0,0.1976332
13115.0,0.19747922
13120.0,0.19733465
13125.0,0.19719861
13130.0,0.19706772
13135.0,0.19694197
13140.0,0.19681963
13145.0,0.19669816
13150.0,0.19657667
13155.0,0.19645262
13160.0,0.19632515
13165.0,0.19619256
13170.0,0.1960531
13175.0,0.19590512
13180.0,0.19574599
13185.0,0.19557576
13190.0,0.19539182
13195.0,0.19519335
13200.0,0.19497691
13205.0,0.19474337
13210.0,0.19449271
13215.0,0.19422665
13220.0,0.19394776
13225.0,0.19365689
13230.0,0.19335575
13235.0,0.19304608
13240.0,0.19272955
13245.0,0.19240874
13250.0,0.1920845
13255.0,0.19175771
13260.0,0.19143176
13265.0,0.19110754
13270.0,0.19078672
13275.0,0.1904702
13280.0,0.19016138
13285.0,0.18986022
13290.0,0.18957023
13295.0,0.18929134
13300.0,0.18902613
13305.0,0.18877546
13310.0,0.18853936
13315.0,0.18831694
13320.0,0.18810648
13325.0,0.18790887
13330.0,0.1877215
13335.0,0.18754528
13340.0,0.1873776
13345.0,0.18721934
13350.0,0.18706878
13355.0,0.1869242
13360.0,0.18678646
13365.0,0.18665387
13370.0,0.1865264
13375.0,0.18640149
13380.0,0.18628001
13385.0,0.1861611
13390.0,0.18604219
13395.0,0.18592499
13400.0,0.18580607
13405.0,0.1856863
13410.0,0.18556568
13415.0,0.18544334
13420.0,0.18532017
13425.0,0.18519527
13430.0,0.1850695
13435.0,0.18494117
13440.0,0.18481286
13445.0,0.18468195
13450.0,0.18455023
13455.0,0.18441677
13460.0,0.1842816
13465.0,0.18414557
13470.0,0.18400784
13475.0,0.1838684
13480.0,0.18372723
13485.0,0.18358523
13490.0,0.18344064
13495.0,0.18329522
13500.0,0.18314807
13505.0,0.18299836
13510.0,0.1828478
13515.0,0.18269552
13520.0,0.18254153
13525.0,0.18238583
13530.0,0.18222757
13535.0,0.18206759
13540.0,0.18190676
13545.0,0.18174337
13550.0,0.1815774
13555.0,0.18140972
13560.0,0.18124034
13565.0,0.18106924
13570.0,0.18089472
13575.0,0.18071935
13580.0,0.18054141
13585.0,0.1803609
13590.0,0.18017867
13595.0,0.17999303
13600.0,0.17980653
13605.0,0.17961662
13610.0,0.17942585
13615.0,0.17923336
13620.0,0.17904173
13625.0,0.1788501
13630.0,0.17866018
13635.0,0.17847197
13640.0,0.1782872
13645.0,0.17810583
13650.0,0.17792875
13655.0,0.17775679
13660.0,0.17758997
13665.0,0.17743085
13670.0,0.17727856
13675.0,0.17713484
13680.0,0.17699969
13685.0,0.17687392
13690.0,0.17675842
13695.0,0.17665492
13700.0,0.17656252
13705.0,0.17648211
13710.0,0.17641367
13715.0,0.1763555
13720.0,0.17630589
13725.0,0.17626396
13730.0,0.17622888
13735.0,0.17619894
13740.0,0.17617328
13745.0,0.17615019
13750.0,0.17612879
13755.0,0.1761074
13760.0,0.17608516
13765.0,0.1760612
13770.0,0.17603384
13775.0,0.17600217
13780.0,0.17596453
13785.0,0.17592005
13790.0,0.17586787
13795.0,0.17580542
13800.0,0.1757327
13805.0,0.17564887
13810.0,0.17555305
13815.0,0.17544526
13820.0,0.17532635
13825.0,0.1751963
13830.0,0.17505515
13835.0,0.17490202
13840.0,0.17473862
13845.0,0.17456496
13850.0,0.17438018
13855.0,0.17418513
13860.0,0.17397894
13865.0,0.17376336
13870.0,0.17353751
13875.0,0.1733014
13880.0,0.17305587
13885.0,0.17280008
13890.0,0.17253488
13895.0,0.17226113
13900.0,0.17197712
13905.0,0.17168452
13910.0,0.17138425
13915.0,0.17107885
13920.0,0.17077087
13925.0,0.17046033
13930.0,0.17015064
13935.0,0.16984266
13940.0,0.16953982
13945.0,0.16924296
13950.0,0.1689538
13955.0,0.16867492
13960.0,0.16840714
13965.0,0.16815393
13970.0,0.1679161
13975.0,0.16769624
13980.0,0.16749606
13985.0,0.16731727
13990.0,0.16716157
13995.0,0.16703153
14000.0,0.16692801
14005.0,0.16685359
14010.0,0.16680484
14015.0,0.16678001
14020.0,0.16677575
14025.0,0.16679029
14030.0,0.16681936
14035.0,0.16686043
14040.0,0.16691177
14045.0,0.16696994
14050.0,0.16703238
14055.0,0.16709569
14060.0,0.16715814
14065.0,0.16721632
14070.0,0.16726679
14075.0,0.16730785
14080.0,0.16733694
14085.0,0.16734977
14090.0,0.16734463
14095.0,0.16731897
14100.0,0.16726936
14105.0,0.16719407
14110.0,0.16709398
14115.0,0.16697079
14120.0,0.16682535
14125.0,0.16665938
14130.0,0.16647546
14135.0,0.16627443
14140.0,0.16605712
14145.0,0.16582614
14150.0,0.1655832
14155.0,0.16532826
14160.0,0.16506477
14165.0,0.16479358
14170.0,0.16451554
14175.0,0.16423322
14180.0,0.16394834
14185.0,0.1636609
14190.0,0.16337432
14195.0,0.16308859
14200.0,0.16280627
14205.0,0.16252823
14210.0,0.16225448
14215.0,0.161985
14220.0,0.16171895
14225.0,0.16145632
14230.0,0.16119625
14235.0,0.16093959
14240.0,0.16068466
14245.0,0.1604323
14250.0,0.16018078
14255.0,0.15993097
14260.0,0.15968202
14265.0,0.15943395
14270.0,0.15918584
14275.0,0.15893775
14280.0,0.15868881
14285.0,0.15843986
14290.0,0.1581892
14295.0,0.15793769
14300.0,0.15768446
14305.0,0.15925086
14310.0,0.16169928
14315.0,0.16348724
14320.0,0.16402449
14325.0,0.16309115
14330.0,0.1612818
14335.0,0.15904468
14340.0,0.15716518
14345.0,0.15619762
14350.0,0.15613773
14355.0,0.15658858
14360.0,0.15706253
14365.0,0.15721224
14370.0,0.15691024
14375.0,0.15623014
14380.0,0.15540715
14385.0,0.15475783
14390.0,0.15450719
14395.0,0.15465346
14400.0,0.15500337
14405.0,0.15531476
14410.0,0.1554217
14415.0,0.15526429
14420.0,0.15486562
14425.0,0.15432924
14430.0,0.15378857
14435.0,0.15342328
14440.0,0.15326244
14445.0,0.15331548
14450.0,0.15352166
14455.0,0.15379456
14460.0,0.15401356
14465.0,0.1540957
14470.0,0.15405977
14475.0,0.15403496
14480.0,0.1541838
14485.0,0.1545953
14490.0,0.15524718
14495.0,0.15596835
14500.0,0.15815926
14505.0,0.15870336
14510.0,0.1585793
14515.0,0.1576451
14520.0,0.15588623
14525.0,0.15367736
14530.0,0.15163787
14535.0,0.15026823
14540.0,0.14970875
14545.0,0.14987385
14550.0,0.15062669
14555.0,0.15166011
14560.0,0.15282187
14565.0,0.153786
14570.0,0.15420775
14575.0,0.15392374
14580.0,0.15307339
14585.0,0.15200317
14590.0,0.15109293
14595.0,0.15061985
14600.0,0.15071139
14605.0,0.15134957
14610.0,0.15233168
14615.0,0.15327528
14620.0,0.15373552
14625.0,0.15337451
14630.0,0.15210241
14635.0,0.15010655
14640.0,0.1478087
14645.0,0.14576238
14650.0,0.14449967
14655.0,0.144332
14660.0,0.14522685
14665.0,0.14695494
14670.0,0.14877285
14675.0,0.15024172
14680.0,0.15101166
14685.0,0.15101765
14690.0,0.15043248
14695.0,0.14957188
14700.0,0.14875744
14705.0,0.14820223
14710.0,0.14798151
14715.0,0.14806193
14720.0,0.14832543
14725.0,0.14862399
14730.0,0.14889346
14735.0,0.14922881
14740.0,0.14982252
14745.0,0.15077384
14750.0,0.15191676
14755.0,0.1528116
14760.0,0.15294762
14765.0,0.15202455
14770.0,0.15006377
14775.0,0.14739208
14780.0,0.144409
14785.0,0.14174414
14790.0,0.13989887
14795.0,0.13917598
14800.0,0.13954811
14805.0,0.14068848
14810.0,0.1421351
14815.0,0.14349021
14820.0,0.14456554
14825.0,0.14537483
14830.0,0.14603357
14835.0,0.14662984
14840.0,0.14713116
14845.0,0.14735016
14850.0,0.14700112
14855.0,0.1458214
14860.0,0.14372289
14865.0,0.14091432
14870.0,0.13792267
14875.0,0.13546914
14880.0,0.13420814
14885.0,0.13447079
14890.0,0.13615268
14895.0,0.13874395
14900.0,0.1416509
14905.0,0.1440822
14910.0,0.14558272
14915.0,0.14594716
14920.0,0.14533378
14925.0,0.14417972
14930.0,0.14302225
14935.0,0.14228481
14940.0,0.14213425
14945.0,0.14246704
14950.0,0.1429983
14955.0,0.1434209
14960.0,0.14353469
14965.0,0.14330798
14970.0,0.14286998
14975.0,0.14245163
14980.0,0.14229594
14985.0,0.14253035
14990.0,0.1430693
14995.0,0.14361253
15000.0,0.14374599
15005.0,0.14310524
15010.0,0.14145842
15015.0,0.13889109
15020.0,0.1353605
15025.0,0.13155186
15030.0,0.1279802
15035.0,0.12531792
15040.0,0.124070615
15045.0,0.12445901
15050.0,0.12639156
15055.0,0.12953804
15060.0,0.13339202
15065.0,0.13732725
15070.0,0.14067993
15075.0,0.1428811
15080.0,0.14360826
15085.0,0.14289223
15090.0,0.14111623
15095.0,0.1389142
15100.0,0.1370056
15105.0,0.13597474
15110.0,0.13609365
15115.0,0.13724257
15120.0,0.13896209
15125.0,0.14063543
15130.0,0.1416817
15135.0,0.14182799
15140.0,0.1409939
15145.0,0.13947283
15150.0,0.13795178
15155.0,0.13690807
15160.0,0.1367173
15165.0,0.13740769
15170.0,0.13868749
15175.0,0.14006397
15180.0,0.14103924
15185.0,0.14125994
15190.0,0.14061917
15195.0,0.13930002
15200.0,0.13768058
15205.0,0.13618775
15210.0,0.13513806
15215.0,0.134653
15220.0,0.13466498
15225.0,0.13500205
15230.0,0.13549994
15235.0,0.13607824
15240.0,0.13675152
15245.0,0.13758135
15250.0,0.13858482
15255.0,0.13966446
15260.0,0.14064057
15265.0,0.14107002
15270.0,0.14062004
15275.0,0.13921875
15280.0,0.13691236
15285.0,0.13423724
15290.0,0.13173324
15295.0,0.12991703
15300.0,0.12916762
15305.0,0.12958424
15310.0,0.13094875
15315.0,0.1327042
15320.0,0.13425349
15325.0,0.13526896
15330.0,0.13560945
15335.0,0.1353947
15340.0,0.13495071
15345.0,0.13467182
15350.0,0.13484721
15355.0,0.1355162
15360.0,0.13645723
15365.0,0.13728705
15370.0,0.13759503
15375.0,0.13710143
15380.0,0.13577113
15385.0,0.13384457
15390.0,0.13176231
15395.0,0.13017026
15400.0,0.12937208
15405.0,0.12961419
15410.0,0.13091452
15415.0,0.1328907
15420.0,0.13496013
15425.0,0.13651541
15430.0,0.13713992
15435.0,0.13674553
15440.0,0.13544348
15445.0,0.13362129
15450.0,0.13184015
15455.0,0.13058859
15460.0,0.13013774
15465.0,0.1304808
15470.0,0.13136794
15475.0,0.1324236
15480.0,0.13326627
15485.0,0.1336247
15490.0,0.13339458
15495.0,0.13266058
15500.0,0.13164255
15505.0,0.13061681
15510.0,0.12982291
15515.0,0.12936866
15520.0,0.12928396
15525.0,0.1295483
15530.0,0.12969375
15535.0,0.12939773
15540.0,0.12894775
15545.0,0.12857734
15550.0,0.12837201
15555.0,0.12852173
15560.0,0.12889984
15565.0,0.13034391
15570.0,0.13280088
15575.0,0.13286504
15580.0,0.13180336
15585.0,0.130669
15590.0,0.12937978
15595.0,0.12815557
15600.0,0.12718631
15605.0,0.1266405
15610.0,0.12659344
15615.0,0.12701006
15620.0,0.1277783
15625.0,0.12875356
15630.0,0.12977758
15635.0,0.1306921
15640.0,0.13134912
15645.0,0.13166393
15650.0,0.13164683
15655.0,0.13127041
15660.0,0.13066559
15665.0,0.12950553
15670.0,0.12786642
15675.0,0.12675
15680.0,0.12617768
15685.0,0.1260271
15690.0,0.12609811
15695.0,0.12620421
15700.0,0.12623072
15705.0,0.12615201
15710.0,0.12603396
15715.0,0.12602198
15720.0,0.12623158
15725.0,0.12663622
15730.0,0.1270614
15735.0,0.12737109
15740.0,0.12656522
15745.0,0.12437175
15750.0,0.122490525
15755.0,0.12106957
15760.0,0.12018841
15765.0,0.1200695
15770.0,0.12082917
15775.0,0.12244861
15780.0,0.124589905
15785.0,0.12678593
15790.0,0.12861583
15795.0,0.12981266
15800.0,0.1301942
15805.0,0.1297562
15810.0,0.12862694
15815.0,0.1270383
15820.0,0.12528028
15825.0,0.12365057
15830.0,0.122412674
15835.0,0.12170433
15840.0,0.12168637
15845.0,0.12234852
15850.0,0.12303376
15855.0,0.123273306
15860.0,0.12302692
15865.0,0.12220908
15870.0,0.120937824
15875.0,0.119444996
15880.0,0.11803601
15885.0,0.116977766
15890.0,0.11661589
15895.0,0.11703851
15900.0,0.11791196
15905.0,0.11928501
15910.0,0.12044164
15915.0,0.12084201
15920.0,0.12143914
15925.0,0.122132085
15930.0,0.12270526
15935.0,0.12299954
15940.0,0.12287378
15945.0,0.12228435
15950.0,0.121327065
15955.0,0.12023718
15960.0,0.11931753
15965.0,0.118829034
15970.0,0.11890176
15975.0,0.11949889
15980.0,0.12044079
15985.0,0.12145197
15990.0,0.12222704
15995.0,0.12250507
16000.0,0.122132085
16005.0,0.121108055
16010.0,0.119612664
16015.0,0.11797098
16020.0,0.116571404
16025.0,0.115749285
16030.0,0.11568597
16035.0,0.11635839
16040.0,0.11755094
16045.0,0.11893341
16050.0,0.12011569
16055.0,0.12090617
16060.0,0.12096519
16065.0,0.12045446
16070.0,0.119618654
16075.0,0.11838161
16080.0,0.117151424
16085.0,0.11625487
16090.0,0.11570994
16095.0,0.11557561
16100.0,0.1158143
16105.0,0.116351545
16110.0,0.11709069
16115.0,0.117922224
16120.0,0.11874606
16125.0,0.11944071
16130.0,0.11998053
16135.0,0.12008917
16140.0,0.11890603
16145.0,0.11740979
16150.0,0.11640715
16155.0,0.11570051
16160.0,0.11519921
16165.0,0.11478771
16170.0,0.11437879
16175.0,0.11394762
16180.0,0.11354469
16185.0,0.113279484
16190.0,0.11329318
16195.0,0.113623396
16200.0,0.11439333
16205.0,0.115477234
16210.0,0.116633
16215.0,0.11765959
16220.0,0.11831147
16225.0,0.11844406
16230.0,0.11803429
16235.0,0.117187366
16240.0,0.116100885
16245.0,0.11501698
16250.0,0.11417861
16255.0,0.11376711
16260.0,0.11385095
16265.0,0.114350565
16270.0,0.115041785
16275.0,0.115623534
16280.0,0.115820296
16285.0,0.115471244
16290.0,0.114573844
16295.0,0.11327093
16300.0,0.11180719
16305.0,0.11047519
16310.0,0.10956752
16315.0,0.10932371
16320.0,0.109861806
16325.0,0.111135624
16330.0,0.11289195
16335.0,0.11475862
16340.0,0.11634128
16345.0,0.117000006
16350.0,0.1167887
16355.0,0.1156355
16360.0,0.1137346
16365.0,0.111442745
16370.0,0.10921848
16375.0,0.10737148
16380.0,0.10570328
16385.0,0.104592
16390.0,0.10458002
16395.0,0.10550909
16400.0,0.10715675
16405.0,0.10915176
16410.0,0.111136496
16415.0,0.1127756
16420.0,0.11385695
16425.0,0.11544045
16430.0,0.11567914
16435.0,0.114338584
16440.0,0.1128526
16445.0,0.111755855
16450.0,0.111037254
16455.0,0.11071559
16460.0,0.11066169
16465.0,0.11069078
16470.0,0.11060267
16475.0,0.11027245
16480.0,0.10970354
16485.0,0.109021716
16490.0,0.10848618
16495.0,0.10824494
16500.0,0.10840577
16505.0,0.10896269
16510.0,0.10979166
16515.0,0.1106942
16520.0,0.11142393
16525.0,0.11173704
16530.0,0.111448735
16535.0,0.11050257
16540.0,0.10901488
16545.0,0.107260264
16550.0,0.10559036
16555.0,0.10432252
16560.0,0.10367406
16565.0,0.103728816
16570.0,0.10444828
16575.0,0.10569644
16580.0,0.10725685
16585.0,0.10886859
16590.0,0.11027073
16595.0,0.11126823
16600.0,0.11179008
16605.0,0.11189787
16610.0,0.11173704
16615.0,0.11147098
16620.0,0.11122546
16625.0,0.11104922
16630.0,0.11093459
16635.0,0.11078745
16640.0,0.11047862
16645.0,0.109943084
16650.0,0.10912951
16655.0,0.10809694
16660.0,0.10698651
16665.0,0.10596934
16670.0,0.10520624
16675.0,0.1047785
16680.0,0.10479988
16685.0,0.10524218
16690.0,0.10560832
16695.0,0.105545014
16700.0,0.10551165
16705.0,0.10548941
16710.0,0.10546118
16715.0,0.105384186
16720.0,0.10519855
16725.0,0.104854636
16730.0,0.10433023
16735.0,0.10365182
16740.0,0.10289043
16745.0,0.10215044
16750.0,0.10154561
16755.0,0.101170905
16760.0,0.10107595
16765.0,0.10124362
16770.0,0.10159779
16775.0,0.10202126
16780.0,0.10240965
16785.0,0.10262694
16790.0,0.102553375
16795.0,0.10230357
16800.0,0.10194341
16805.0,0.10161661
16810.0,0.1014823
16815.0,0.10165768
16820.0,0.102193214
16825.0,0.10304443
16830.0,0.10408299
16835.0,0.10511727
16840.0,0.105945386
16845.0,0.10639794
16850.0,0.10638596
16855.0,0.10592229
16860.0,0.10511385
16865.0,0.10414116
16870.0,0.103195846
16875.0,0.102466114
16880.0,0.102051206
16885.0,0.10184246
16890.0,0.10294433
16895.0,0.10356456
16900.0,0.10291953
16905.0,0.10195111
16910.0,0.10099638
16915.0,0.09997065
16920.0,0.09891584
16925.0,0.097906366
16930.0,0.09699099
16935.0,0.09638445
16940.0,0.096157745
16945.0,0.09630232
16950.0,0.09684641
16955.0,0.09767623
16960.0,0.09863267
16965.0,0.099518955
16970.0,0.10014774
16975.0,0.10038214
16980.0,0.10016143
16985.0,0.099524096
16990.0,0.09860444
16995.0,0.09760694
17000.0,0.09676942
17005.0,0.09630746
17010.0,0.096361354
17015.0,0.096967034
17020.0,0.09803982
17025.0,0.09938294
17030.0,0.10073033
17035.0,0.10180225
17040.0,0.102372006
17045.0,0.102318116
17050.0,0.10164912
17055.0,0.1004925
17060.0,0.09906469
17065.0,0.09762234
17070.0,0.0964161
17075.0,0.09564189
17080.0,0.095421165
17085.0,0.09570519
17090.0,0.096430644
17095.0,0.09741873
17100.0,0.09829476
17105.0,0.09886451
17110.0,0.098963745
17115.0,0.09855825
17120.0,0.09773698
17125.0,0.09667275
17130.0,0.09557259
17135.0,0.09463583
17140.0,0.094025865
17145.0,0.0938428
17150.0,0.094116546
17155.0,0.09479238
17160.0,0.0957454
17165.0,0.096803635
17170.0,0.09778573
17175.0,0.09853686
17180.0,0.09896204
17185.0,0.09903047
17190.0,0.09877126
17195.0,0.09825626
17200.0,0.097577
17205.0,0.096828446
17210.0,0.09609272
17215.0,0.09542544
17220.0,0.09485997
17225.0,0.09440313
17230.0,0.09404896
17235.0,0.0937829
17240.0,0.09359812
17245.0,0.09347579
17250.0,0.09344499
17255.0,0.09350744
17260.0,0.09364517
17265.0,0.093865894
17270.0,0.09414221
17275.0,0.09438175
17280.0,0.09434924
17285.0,0.09413195
17290.0,0.09394973
17295.0,0.09377093
17300.0,0.09358529
17305.0,0.093367144
17310.0,0.09309424
17315.0,0.09275547
17320.0,0.092355095
17325.0,0.09191623
17330.0,0.09146881
17335.0,0.09104877
17340.0,0.09068518
17345.0,0.09039261
17350.0,0.09017103
17355.0,0.0900085
17360.0,0.08988616
17365.0,0.08978607
17370.0,0.08970051
17375.0,0.089633785
17380.0,0.08960043
17385.0,0.08962181
17390.0,0.08972019
17395.0,0.089896426
17400.0,0.09018643
17405.0,0.09026086
17410.0,0.08991696
17415.0,0.08961582
17420.0,0.089489214
17425.0,0.08951659
17430.0,0.08965603
17435.0,0.089868195
17440.0,0.09012655
17445.0,0.0904063
17450.0,0.09068518
17455.0,0.09094953
17460.0,0.09118736
17465.0,0.09139695
17470.0,0.09157575
17475.0,0.091715194
17480.0,0.09180331
17485.0,0.09181871
17490.0,0.09174257
17495.0,0.09156206
17500.0,0.091279745
17505.0,0.09091189
17510.0,0.09048671
17515.0,0.09004357
17520.0,0.08961925
17525.0,0.08924711
17530.0,0.0889494
17535.0,0.08873553
17540.0,0.08860207
17545.0,0.08853449
17550.0,0.0885131
17555.0,0.08851481
17560.0,0.088519946
17565.0,0.08850968
17570.0,0.088476315
17575.0,0.08840959
17580.0,0.08828297
17585.0,0.088106744
17590.0,0.087874055
17595.0,0.08758404
17600.0,0.08724955
17605.0,0.08689109
17610.0,0.08653949
17615.0,0.086225525
17620.0,0.08598342
17625.0,0.08584654
17630.0,0.08584398
17635.0,0.08599198
17640.0,0.08629311
17645.0,0.08672513
17650.0,0.08724013
17655.0,0.08776198
17660.0,0.088200845
17665.0,0.08846947
17670.0,0.088504545
17675.0,0.08828896
17680.0,0.08785181
17685.0,0.08726495
17690.0,0.086623326
17695.0,0.086021915
17700.0,0.08554541
17705.0,0.08525198
17710.0,0.085166425
17715.0,0.08528021
17720.0,0.08554626
17725.0,0.08588846
17730.0,0.086207554
17735.0,0.08639663
17740.0,0.08642314
17745.0,0.086199
17750.0,0.085727625
17755.0,0.08516814
17760.0,0.08458726
17765.0,0.084086806
17770.0,0.083754875
17775.0,0.08363767
17780.0,0.08374119
17785.0,0.08403034
17790.0,0.08443242
17795.0,0.08485075
17800.0,0.08517669
17805.0,0.08531186
17810.0,0.08519552
17815.0,0.08482167
17820.0,0.08424164
17825.0,0.0835564
17830.0,0.082892545
17835.0,0.08237497
17840.0,0.082099505
17845.0,0.08211918
17850.0,0.08243314
17855.0,0.08298921
17860.0,0.083685584
17865.0,0.08439307
17870.0,0.08497908
17875.0,0.08533325
17880.0,0.08539228
17885.0,0.08515531
17890.0,0.0846711
17895.0,0.0840312
17900.0,0.08334338
17905.0,0.0827223
17910.0,0.08222355
17915.0,0.08191044
17920.0,0.08186254
17925.0,0.08196861
17930.0,0.08216709
17935.0,0.08239636
17940.0,0.08255634
17945.0,0.082570024
17950.0,0.08239807
17955.0,0.08204133
17960.0,0.08154857
17965.0,0.08100362
17970.0,0.0805083
17975.0,0.08016439
17980.0,0.0800566
17985.0,0.080227695
17990.0,0.080663994
17995.0,0.08137747
18000.0,0.08207897
18005.0,0.08250757
18010.0,0.08283437
18015.0,0.0829798
18020.0,0.08288484
18025.0,0.08255719
18030.0,0.0820285
18035.0,0.081374906
18040.0,0.08070078
18045.0,0.08010707
18050.0,0.07967762
18055.0,0.07945262
18060.0,0.079427816
18065.0,0.079560414
18070.0,0.07978541
18075.0,0.08002494
18080.0,0.08019519
18085.0,0.080261916
18090.0,0.080177225
18095.0,0.079886355
18100.0,0.07949284
18105.0,0.07907193
18110.0,0.07869466
18115.0,0.07845256
18120.0,0.07839524
18125.0,0.07852784
18130.0,0.07881785
18135.0,0.07921138
18140.0,0.079641685
18145.0,0.080039494
18150.0,0.08033891
18155.0,0.08048349
18160.0,0.0804467
18165.0,0.08024138
18170.0,0.07992143
18175.0,0.07956812
18180.0,0.079259284
18185.0,0.07903771
18190.0,0.07889656
18195.0,0.07879133
18200.0,0.07866985
18205.0,0.07849619
18210.0,0.07825066
18215.0,0.07791873
18220.0,0.077490985
18225.0,0.07696828
18230.0,0.0763857
18235.0,0.07582193
18240.0,0.07538477
18245.0,0.075183734
18250.0,0.075302646
18255.0,0.07577145
18260.0,0.07655081
18265.0,0.07753547
18270.0,0.07852014
18275.0,0.07932344
18280.0,0.07986326
18285.0,0.08005574
18290.0,0.07985641
18295.0,0.07925244
18300.0,0.07826007
18305.0,0.07696144
18310.0,0.07552422
18315.0,0.07417511
18320.0,0.07314768
18325.0,0.07261898
18330.0,0.07267459
18335.0,0.07329139
18340.0,0.074330814
18345.0,0.075584106
18350.0,0.076836534
18355.0,0.07791274
18360.0,0.07868354
18365.0,0.07906423
18370.0,0.079012044
18375.0,0.07855179
18380.0,0.077798106
18385.0,0.076935776
18390.0,0.07614102
18395.0,0.0755285
18400.0,0.07513925
18405.0,0.074960455
18410.0,0.07495275
18415.0,0.07505114
18420.0,0.075164914
18425.0,0.07518459
18430.0,0.07502205
18435.0,0.07464906
18440.0,0.07413063
18445.0,0.073536925
18450.0,0.07300053
18455.0,0.07273533
18460.0,0.0727935
18465.0,0.0731682
18470.0,0.073772185
18475.0,0.0743984
18480.0,0.074935645
18485.0,0.07534371
18490.0,0.07561062
18495.0,0.07570559
18500.0,0.075562716
18505.0,0.07510418
18510.0,0.07430515
18515.0,0.07329824
18520.0,0.072289616
18525.0,0.07146579
18530.0,0.07091741
18535.0,0.07068215
18540.0,0.07074888
18545.0,0.071067125
18550.0,0.07155133
18555.0,0.072107404
18560.0,0.07265149
18565.0,0.073110886
18570.0,0.07341801
18575.0,0.07351382
18580.0,0.07335984
18585.0,0.07295519
18590.0,0.0723649
18595.0,0.07168906
18600.0,0.071038045
18605.0,0.070495665
18610.0,0.0701047
18615.0,0.06988142
18620.0,0.06981811
18625.0,0.06989596
18630.0,0.07007989
18635.0,0.07032713
18640.0,0.0705949
18645.0,0.070844695
18650.0,0.071069695
18655.0,0.071301535
18660.0,0.071621485
18665.0,0.07217413
18670.0,0.07303475
18675.0,0.07403738
18680.0,0.07470637
18685.0,0.074860364
18690.0,0.074728616
18695.0,0.07445058
18700.0,0.074086145
18705.0,0.07362675
18710.0,0.073010795
18715.0,0.07213734
18720.0,0.07115524
18725.0,0.07046059
18730.0,0.070323706
18735.0,0.07053159
18740.0,0.070715524
18745.0,0.07077369
18750.0,0.07072408
18755.0,0.070596606
18760.0,0.07038958
18765.0,0.070079036
18770.0,0.069624774
18775.0,0.06903705
18780.0,0.06844762
18785.0,0.06802416
18790.0,0.067837656
18795.0,0.06782996
18800.0,0.06792663
18805.0,0.06807634
18810.0,0.068242304
18815.0,0.06839458
18820.0,0.06851948
18825.0,0.06860845
18830.0,0.068648666
18835.0,0.068655506
18840.0,0.06863754
18845.0,0.06859391
18850.0,0.06853146
18855.0,0.06846388
18860.0,0.06841254
18865.0,0.06840057
18870.0,0.06844506
18875.0,0.06854686
18880.0,0.06869143
18885.0,0.068842
18890.0,0.068953216
18895.0,0.06898744
18900.0,0.06893525
18905.0,0.0688018
18910.0,0.068599895
18915.0,0.06833384
18920.0,0.06800448
18925.0,0.06761438
18930.0,0.06717808
18935.0,0.066727236
18940.0,0.066291794
18945.0,0.06589228
18950.0,0.065524414
18955.0,0.06518906
18960.0,0.06490675
18965.0,0.06472967
18970.0,0.06471085
18975.0,0.06487767
18980.0,0.065213874
18985.0,0.065683536
18990.0,0.0662533
18995.0,0.06689833
19000.0,0.06759812
19005.0,0.068307325
19010.0,0.068969466
19015.0,0.069546066
19020.0,0.06985319
19025.0,0.0697608
19030.0,0.06937839
19035.0,0.06874533
19040.0,0.0679138
19045.0,0.067006126
19050.0,0.06609417
19055.0,0.06522671
19060.0,0.064439654
19065.0,0.06377324
19070.0,0.063279614
19075.0,0.06301442
19080.0,0.06301355
19085.0,0.06325652
19090.0,0.06368426
19095.0,0.06422407
19100.0,0.06481607
19105.0,0.06539695
19110.0,0.065881155
19115.0,0.06618656
19120.0,0.06627981
19125.0,0.066184856
19130.0,0.06594788
19135.0,0.065604836
19140.0,0.06517794
19145.0,0.06467834
19150.0,0.064131685
19155.0,0.0635876
19160.0,0.06314274
19165.0,0.06288181
19170.0,0.06284759
19175.0,0.06301955
19180.0,0.063354045
19185.0,0.06379719
19190.0,0.06428054
19195.0,0.064733945
19200.0,0.065091535
19205.0,0.06530199
19210.0,0.06537128
19215.0,0.06529001
19220.0,0.0649923
19225.0,0.06452606
19230.0,0.06395374
19235.0,0.06328304
19240.0,0.06258325
19245.0,0.061944198
19250.0,0.061453145
19255.0,0.06118025
19260.0,0.06116742
19265.0,0.061426632
19270.0,0.06192709
19275.0,0.0626072
19280.0,0.063382275
19285.0,0.064166754
19290.0,0.06488622
19295.0,0.065479934
19300.0,0.065899126
19305.0,0.06610187
19310.0,0.066056535
19315.0,0.0657554
19320.0,0.06522072
19325.0,0.06450895
19330.0,0.06370051
19335.0,0.062874116
19340.0,0.0620999
19345.0,0.06142834
19350.0,0.06089109
19355.0,0.060501844
19360.0,0.060261454
19365.0,0.06015794
19370.0,0.060169917
19375.0,0.060266584
19380.0,0.06041544
19385.0,0.06058397
19390.0,0.06073796
19395.0,0.060849175
19400.0,0.060897082
19405.0,0.06086885
19410.0,0.06076705
19415.0,0.060607072
19420.0,0.060398333
19425.0,0.060168203
19430.0,0.059956044
19435.0,0.05978409
19440.0,0.059667744
19445.0,0.05961898
19450.0,0.059638653
19455.0,0.059719075
19460.0,0.059843123
19465.0,0.059990264
19470.0,0.06013912
19475.0,0.060264878
19480.0,0.060350426
19485.0,0.060378656
19490.0,0.060339306
19495.0,0.0602375
19500.0,0.06006982
19505.0,0.059832856
19510.0,0.0596378
19515.0,0.05957535
19520.0,0.059634376
19525.0,0.059815746
19530.0,0.060122006
19535.0,0.060532644
19540.0,0.061008293
19545.0,0.061495923
19550.0,0.06192452
19555.0,0.062235918
19560.0,0.06238905
19565.0,0.062377933
19570.0,0.0622171
19575.0,0.061933935
19580.0,0.061552387
19585.0,0.06109213
19590.0,0.06056857
19595.0,0.059985988
19600.0,0.0594188
19605.0,0.05897651
19610.0,0.058582988
19615.0,0.058202293
19620.0,0.057906296
19625.0,0.057727497
19630.0,0.057671037
19635.0,0.057719797
19640.0,0.057864375
19645.0,0.05808338
19650.0,0.05833575
19655.0,0.058580417
19660.0,0.058787446
19665.0,0.058941435
19670.0,0.059031263
19675.0,0.059049223
19680.0,0.059000462
19685.0,0.05890208
19690.0,0.058776326
19695.0,0.058652278
19700.0,0.058556464
19705.0,0.058510266
19710.0,0.058523957
19715.0,0.058594108
19720.0,0.05870789
19725.0,0.058843054
19730.0,0.058973942
19735.0,0.059072323
19740.0,0.05911681
19745.0,0.059088577
19750.0,0.058977365
19755.0,0.058782317
19760.0,0.058511127
19765.0,0.058184326
19770.0,0.057830155
19775.0,0.05748539
19780.0,0.057184264
19785.0,0.056955848
19790.0,0.056815546
19795.0,0.056765072
19800.0,0.05678817
19805.0,0.056855753
19810.0,0.056937028
19815.0,0.056998625
19820.0,0.05701402
19825.0,0.056972954
19830.0,0.056878854
19835.0,0.05671631
19840.0,0.056487896
19845.0,0.05623467
19850.0,0.055982303
19855.0,0.055751316
19860.0,0.055575088
19865.0,0.05548355
19870.0,0.055498097
19875.0,0.05562385
19880.0,0.055853974
19885.0,0.056162808
19890.0,0.05651356
19895.0,0.056863453
19900.0,0.057169717
19905.0,0.057396423
19910.0,0.05751619
19915.0,0.057515334
19920.0,0.057393856
19925.0,0.057162873
19930.0,0.056848053
19935.0,0.05648276
19940.0,0.056107204
19945.0,0.05576415
19950.0,0.055494674
19955.0,0.05533127
19960.0,0.05529192
19965.0,0.05538688
19970.0,0.055606738
19975.0,0.055928405
19980.0,0.056315087
19985.0,0.056714598
19990.0,0.057064492
19995.0,0.057294622
20000.0,0.057343382
20005.0,0.057162873
20010.0,0.05674882
20015.0,0.05613886
20020.0,0.055426233
20025.0,0.054746978
20030.0,0.054251645
20035.0,0.054065153
20040.0,0.054215714
20045.0,0.054640036
20050.0,0.055192687
20055.0,0.055719666
20060.0,0.056102067
20065.0,0.05629969
20070.0,0.056326203
20075.0,0.056216706
20080.0,0.056006253
20085.0,0.055729933
20090.0,0.055411693
20095.0,0.055077195
20100.0,0.054752965
20105.0,0.054474074
20110.0,0.054279022
20115.0,0.054208875
20120.0,0.054296136
20125.0,0.05455877
20130.0,0.05537405
20135.0,0.05647763
20140.0,0.05457588
20145.0,0.056352727
20150.0,0.057659913
20155.0,0.05722789
20160.0,0.056642737
20165.0,0.055951502
20170.0,0.054882143
20175.0,0.054208875
20180.0,0.054278165
20185.0,0.053895764
20190.0,0.053937685
20195.0,0.054032646
20200.0,0.053765733
20205.0,0.054350026
20210.0,0.05416011
20215.0,0.053334564
20220.0,0.0539719
20225.0,0.05448348
20230.0,0.05399243
20235.0,0.05426277
20240.0,0.054208014
20245.0,0.05421743
20250.0,0.054904386
20255.0,0.054675113
20260.0,0.05456305
20265.0,0.054510858
20270.0,0.05416011
20275.0,0.053688735
20280.0,0.05361773
20285.0,0.053112138
20290.0,0.05286148
20295.0,0.053053964
20300.0,0.05250816
20305.0,0.052564625
20310.0,0.053011186
20315.0,0.053635698
20320.0,0.053669058
20325.0,0.05363142
20330.0,0.053730655
20335.0,0.053682752
20340.0,0.05356811
20345.0,0.053632274
20350.0,0.05305225
20355.0,0.053256713
20360.0,0.053296067
20365.0,0.053213086
20370.0,0.05296927
20375.0,0.052936763
20380.0,0.052862335
20385.0,0.05227889
20390.0,0.052566335
20395.0,0.052935906
20400.0,0.052999213
20405.0,0.05272888
20410.0,0.052852925
20415.0,0.053364504
20420.0,0.052982103
20425.0,0.053195976
20430.0,0.05332601
20435.0,0.052981246
20440.0,0.05273572
20445.0,0.052702356
20450.0,0.052444857
20455.0,0.052397802
20460.0,0.052554358
20465.0,0.05258516
20470.0,0.05231482
20475.0,0.05191702
20480.0,0.051977757
20485.0,0.051605623
20490.0,0.051436238
20495.0,0.051540606
20500.0,0.050878458
20505.0,0.05100165
20510.0,0.05103929
20515.0,0.05079633
20520.0,0.05089471
20525.0,0.050893858
20530.0,0.05133272
20535.0,0.05131989
20540.0,0.051011913
20545.0,0.051251452
20550.0,0.051187288
20555.0,0.050983682
20560.0,0.051524352
20565.0,0.051455054
20570.0,0.051449068
20575.0,0.051472165
20580.0,0.051196698
20585.0,0.051464465
20590.0,0.051141948
20595.0,0.050693672
20600.0,0.05036773
20605.0,0.04983134
20610.0,0.049389906
20615.0,0.050129905
20620.0,0.050165836
20625.0,0.05038655
20630.0,0.04955416
20635.0,0.048275206
20640.0,0.049040012
20645.0,0.049562715
20650.0,0.049545605
20655.0,0.049644843
20660.0,0.049939133
20665.0,0.049922023
20670.0,0.049957097
20675.0,0.049774878
20680.0,0.049608056
20685.0,0.049848452
20690.0,0.049754348
20695.0,0.049818505
20700.0,0.049505398
20705.0,0.048468545
20710.0,0.049746647
20715.0,0.050039224
20720.0,0.049387343
20725.0,0.04946861
20730.0,0.04998875
20735.0,0.04944637
20740.0,0.049128983
20745.0,0.04953876
20750.0,0.049644843
20755.0,0.04985444
20760.0,0.050061464
20765.0,0.04962089
20770.0,0.049727824
20775.0,0.049449794
20780.0,0.04894762
20785.0,0.049111877
20790.0,0.04884325
20795.0,0.048584893
20800.0,0.048461705
20805.0,0.048145175
20810.0,0.047449663
20815.0,0.04815544
20820.0,0.048400108
20825.0,0.048678994
20830.0,0.048619114
20835.0,0.048709795
20840.0,0.048920244
20845.0,0.048264943
20850.0,0.048333377
20855.0,0.04872263
20860.0,0.0487654
20865.0,0.048890304
20870.0,0.0490691
20875.0,0.04902461
20880.0,0.048755992
20885.0,0.048580617
20890.0,0.04843775
20895.0,0.048044223
20900.0,0.048046794
20905.0,0.04781923
20910.0,0.047831208
20915.0,0.04778159
20920.0,0.04681061
20925.0,0.04662668
20930.0,0.047293108
20935.0,0.047768757
20940.0,0.04762418
20945.0,0.047622472
20950.0,0.047580548
20955.0,0.047496714
20960.0,0.047454793
20965.0,0.047425706
20970.0,0.047517244
20975.0,0.047448803
20980.0,0.047302518
20985.0,0.04751639
20990.0,0.04750612
20995.0,0.047399186
21000.0,0.047426563
21005.0,0.04736069
21010.0,0.047452226
21015.0,0.047353845
21020.0,0.047178473
21025.0,0.047151096
21030.0,0.04707752
21035.0,0.047382932
21040.0,0.04728797
21045.0,0.047319625
21050.0,0.04704758
21055.0,0.046965454
21060.0,0.046447884
21065.0,0.04467531
21070.0,0.045520537
21075.0,0.046607006
21080.0,0.04663267
21085.0,0.04651803
21090.0,0.046067193
21095.0,0.04567367
21100.0,0.045083378
21105.0,0.04549658
21110.0,0.04554021
21115.0,0.04534259
21120.0,0.045245923
21125.0,0.04515011
21130.0,0.044653922
21135.0,0.04473605
21140.0,0.0445872
21145.0,0.044634245
21150.0,0.044820745
21155.0,0.044965323
21160.0,0.04541274
21165.0,0.04485839
21170.0,0.04396098
21175.0,0.04506199
21180.0,0.04558213
21185.0,0.04567452
21190.0,0.045723286
21195.0,0.0452656
21200.0,0.044930246
21205.0,0.045399908
21210.0,0.045246776
21215.0,0.045004673
21220.0,0.045191173
21225.0,0.045653135
21230.0,0.045503423
21235.0,0.045472626
21240.0,0.045349438
21245.0,0.04491143
21250.0,0.045252766
21255.0,0.04518005
21260.0,0.04512359
21265.0,0.044689
21270.0,0.044984996
21275.0,0.045222823
21280.0,0.044962756
21285.0,0.044919126
21290.0,0.04490886
21295.0,0.04495591
21300.0,0.0448139
21305.0,0.04485582
21310.0,0.04484384
21315.0,0.04493538
21320.0,0.044974733
21325.0,0.044819888
21330.0,0.044764284
21335.0,0.044940513
21340.0,0.044991843
21345.0,0.04472493
21350.0,0.044523034
21355.0,0.044077326
21360.0,0.04321243
21365.0,0.044323705
21370.0,0.044375036
21375.0,0.043850623
21380.0,0.043957558
21385.0,0.04404824
21390.0,0.04403284
21395.0,0.044092726
21400.0,0.04380699
21405.0,0.043773625
21410.0,0.043899383
21415.0,0.04377876
21420.0,0.043670967
21425.0,0.043565743
21430.0,0.043358713
21435.0,0.043228682
21440.0,0.043554623
21445.0,0.043260332
21450.0,0.043148264
21455.0,0.04324066
21460.0,0.042998556
21465.0,0.043084104
21470.0,0.04340833
21475.0,0.043156818
21480.0,0.043064427
21485.0,0.043055017
21490.0,0.04245361
21495.0,0.042212363
21500.0,0.04246644
21505.0,0.042606737
21510.0,0.04255028
21515.0,0.04262556
21520.0,0.04250237
21525.0,0.04243393
21530.0,0.042568244
21535.0,0.04285312
21540.0,0.04297289
21545.0,0.04301823
21550.0,0.043051597
21555.0,0.04302422
21560.0,0.042878788
21565.0,0.04283601
21570.0,0.042928405
21575.0,0.042970326
21580.0,0.042831734
21585.0,0.042614438
21590.0,0.04256311
21595.0,0.04249467
21600.0,0.04265636
21605.0,0.042651225
21610.0,0.042252567
21615.0,0.04185819
21620.0,0.041145567
21625.0,0.04113359
21630.0,0.04135174
21635.0,0.04160582
21640.0,0.041391946
21645.0,0.04117123
21650.0,0.040352527
21655.0,0.039444856
21660.0,0.038886223
21665.0,0.038607333
21670.0,0.038825482
21675.0,0.039672416
21680.0,0.04041498
21685.0,0.040503096
21690.0,0.040681034
21695.0,0.04096677
21700.0,0.040679324
21705.0,0.040574957
21710.0,0.040713545
21715.0,0.040756322
21720.0,0.040677615
21725.0,0.040684458
21730.0,0.040631417
21735.0,0.040498815
21740.0,0.0407529
21745.0,0.040901754
21750.0,0.040961638
21755.0,0.041075416
21760.0,0.040816203
21765.0,0.04081877
21770.0,0.04097361
21775.0,0.041048042
21780.0,0.041074563
21785.0,0.040142935
21790.0,0.04080594
21795.0,0.04133463
21800.0,0.0414005
21805.0,0.04141419
21810.0,0.041328643
21815.0,0.041435577
21820.0,0.04097789
21825.0,0.039947882
21830.0,0.040110428
21835.0,0.040383328
21840.0,0.040397014
21845.0,0.04034483
21850.0,0.040294353
21855.0,0.04006594
21860.0,0.040053964
21865.0,0.04013609
21870.0,0.04024046
21875.0,0.04003771
21880.0,0.039686102
21885.0,0.03932081
21890.0,0.03990682
21895.0,0.040350817
21900.0,0.04018571
21905.0,0.04025586
21910.0,0.04052705
21915.0,0.040902607
21920.0,0.04093255
21925.0,0.040766586
21930.0,0.040577523
21935.0,0.04043893
21940.0,0.040392734
21945.0,0.040404715
21950.0,0.040255003
21955.0,0.039968416
21960.0,0.039814427
21965.0,0.039552648
21970.0,0.03955607
21975.0,0.039466243
21980.0,0.03923697
21985.0,0.039122336
21990.0,0.03918992
21995.0,0.039164256
22000.0,0.0392729
22005.0,0.0392729
22010.0,0.039245527
22015.0,0.03935503
22020.0,0.039469667
22025.0,0.0397323
22030.0,0.039734866
22035.0,0.039707493
22040.0,0.03969808
22045.0,0.039574888
22050.0,0.039437156
22055.0,0.03914629
22060.0,0.038479865
22065.0,0.03794946
22070.0,0.037898988
22075.0,0.03863214
22080.0,0.03853975
22085.0,0.038426824
22090.0,0.038024746
22095.0,0.038439658
22100.0,0.038607333
22105.0,0.038597066
22110.0,0.0384619
22115.0,0.038468745
22120.0,0.03862444
22125.0,0.038425114
22130.0,0.038405437
22135.0,0.03863471
22140.0,0.038623586
22145.0,0.038618453
22150.0,0.03867064
22155.0,0.03853462
22160.0,0.038414847
22165.0,0.038419127
22170.0,0.038609046
22175.0,0.038576536
22180.0,0.038342986
22185.0,0.038269415
22190.0,0.038373783
22195.0,0.03839945
22200.0,0.03833871
22205.0,0.03846703
22210.0,0.038386617
22215.0,0.038261715
22220.0,0.038353253
22225.0,0.038388327
22230.0,0.03841399
22235.0,0.038337
22240.0,0.03835924
22245.0,0.038254015
22250.0,0.03804442
22255.0,0.038126547
22260.0,0.03785108
22265.0,0.03739853
22270.0,0.03783055
22275.0,0.03776211
22280.0,0.03776981
22285.0,0.03777152
22290.0,0.037558503
22295.0,0.03747809
22300.0,0.037310414
22305.0,0.03726678
22310.0,0.03707173
22315.0,0.036826205
22320.0,0.036750067
22325.0,0.036801394
22330.0,0.036839895
22335.0,0.03695111
22340.0,0.03688267
22345.0,0.03673809
22350.0,0.036934853
22355.0,0.036966506
22360.0,0.036763754
22365.0,0.036648262
22370.0,0.036774024
22375.0,0.036749214
22380.0,0.03662431
22385.0,0.036213674
22390.0,0.036232498
22395.0,0.03664142
22400.0,0.0367552
22405.0,0.03680824
22410.0,0.03685358
22415.0,0.03684845
22420.0,0.036750067
22425.0,0.036524218
22430.0,0.036600355
22435.0,0.03682107
22440.0,0.036812518
22445.0,0.03685786
22450.0,0.037058044
22455.0,0.037020404
22460.0,0.036941696
22465.0,0.03702639
22470.0,0.036928862
22475.0,0.036600355
22480.0,0.036157217
22485.0,0.03661747
22490.0,0.03688438
22495.0,0.03675691
22500.0,0.036522508
22505.0,0.036407016
22510.0,0.036318902
22515.0,0.036058832
22520.0,0.03593222
22525.0,0.03584325
22530.0,0.03573888
22535.0,0.035679854
22540.0,0.035428338
22545.0,0.035152014
22550.0,0.035394117
22555.0,0.03526922
22560.0,0.035000596
22565.0,0.034962095
22570.0,0.034933865
22575.0,0.035256386
22580.0,0.035258096
22585.0,0.035226442
22590.0,0.035341933
22595.0,0.035457425
22600.0,0.035353053
22605.0,0.03544459
22610.0,0.03539583
22615.0,0.03511865
22620.0,0.035323113
22625.0,0.034893658
22630.0,0.03470973
22635.0,0.035224732
22640.0,0.035699528
22645.0,0.035720915
22650.0,0.035494212
22655.0,0.035300873
22660.0,0.035277773
22665.0,0.035556663
22670.0,0.035277773
22675.0,0.035296593
22680.0,0.035418928
22685.0,0.03519051
22690.0,0.035158858
22695.0,0.035233285
22700.0,0.035104964
22705.0,0.03492788
22710.0,0.03489109
22715.0,0.03467209
22720.0,0.034721706
22725.0,0.034645565
22730.0,0.034556597
22735.0,0.03462589
22740.0,0.034495857
22745.0,0.034246054
22750.0,0.03436924
22755.0,0.034423992
22760.0,0.034321334
22765.0,0.034397475
22770.0,0.034372665
22775.0,0.034352135
22780.0,0.0343393
22785.0,0.03438464
22790.0,0.034414586
22795.0,0.034342725
22800.0,0.03417077
22805.0,0.034163926
22810.0,0.033439327
22815.0,0.03266682
22820.0,0.03351547
22825.0,0.0338166
22830.0,0.033790078
22835.0,0.033884183
22840.0,0.033980854
22845.0,0.034205843
22850.0,0.03411431
22855.0,0.03413313
22860.0,0.03421269
22865.0,0.03427343
22870.0,0.03426402
22875.0,0.034153663
22880.0,0.034130562
22885.0,0.03419729
22890.0,0.0340587
22895.0,0.03390728
22900.0,0.03378922
22905.0,0.033648066
22910.0,0.033409387
22915.0,0.033474404
22920.0,0.03361385
22925.0,0.033492368
22930.0,0.03326481
22935.0,0.032721575
22940.0,0.032503426
22945.0,0.032821666
22950.0,0.03281311
22955.0,0.032789156
22960.0,0.03268992
22965.0,0.03277547
22970.0,0.032948278
22975.0,0.033187814
22980.0,0.033152737
22985.0,0.03302356
22990.0,0.032979075
22995.0,0.03322203
23000.0,0.033288762
23005.0,0.03306377
23010.0,0.03325369
23015.0,0.033423074
23020.0,0.033257965
23025.0,0.033142474
23030.0,0.033090286
23035.0,0.033177547
23040.0,0.033228878
23045.0,0.033051793
23050.0,0.03296282
23055.0,0.033055216
23060.0,0.032992765
23065.0,0.032912347
23070.0,0.032787446
23075.0,0.03282851
23080.0,0.03270275
23085.0,0.032743815
23090.0,0.03270874
23095.0,0.032618057
23100.0,0.0326326
23105.0,0.032670245
23110.0,0.032472625
23115.0,0.032531653
23120.0,0.0324615
23125.0,0.032364834
23130.0,0.03245894
23135.0,0.032352857
23140.0,0.03232548
23145.0,0.03213813
23150.0,0.03182331
23155.0,0.0320791
23160.0,0.03220229
23165.0,0.03199954
23170.0,0.03176856
23175.0,0.031678732
23180.0,0.03160345
23185.0,0.03164366
23190.0,0.0316582
23195.0,0.031890895
23200.0,0.032049157
23205.0,0.03196019
23210.0,0.031760003
23215.0,0.031774547
23220.0,0.03160345
23225.0,0.031100424
23230.0,0.030838642
23235.0,0.031032838
23240.0,0.031049091
23245.0,0.03113293
23250.0,0.031200517
23255.0,0.031175707
23260.0,0.03134937
23265.0,0.03148967
23270.0,0.03144604
23275.0,0.031445183
23280.0,0.03145032
23285.0,0.03139471
23290.0,0.031459726
23295.0,0.031488813
23300.0,0.03145716
23305.0,0.031573508
23310.0,0.031554688
23315.0,0.03144005
23320.0,0.03145545
23325.0,0.03148026
23330.0,0.031331405
23335.0,0.031292908
23340.0,0.03134937
23345.0,0.031437486
23350.0,0.031196237
23355.0,0.03085062
23360.0,0.031173995
23365.0,0.031256977
23370.0,0.031046527
23375.0,0.0311124
23380.0,0.030874575
23385.0,0.030466506
23390.0,0.030701766
23395.0,0.031136354
23400.0,0.03107989
23405.0,0.03098322
23410.0,0.030985786
23415.0,0.030873718
23420.0,0.031060215
23425.0,0.031076469
23430.0,0.031022573
23435.0,0.031053372
23440.0,0.031113254
23445.0,0.031158594
23450.0,0.030912217
23455.0,0.030848052
23460.0,0.031048238
23465.0,0.030961834
23470.0,0.030755661
23475.0,0.030690644
23480.0,0.030376678
23485.0,0.030167941
23490.0,0.030245792
23495.0,0.030208146
23500.0,0.0302475
23505.0,0.030036196
23510.0,0.02973763
23515.0,0.02980949
23520.0,0.029782971
23525.0,0.029145634
23530.0,0.028920637
23535.0,0.028957425
23540.0,0.028944591
23545.0,0.028963413
23550.0,0.029126812
23555.0,0.029214926
23560.0,0.02908917
23565.0,0.029290209
23570.0,0.029415112
23575.0,0.029402278
23580.0,0.029588774
23585.0,0.02961444
23590.0,0.02976586
23595.0,0.02993097
23600.0,0.030120889
23605.0,0.030387802
23610.0,0.030408332
23615.0,0.030371549
23620.0,0.03042373
23625.0,0.030500725
23630.0,0.030372402
23635.0,0.030223547
23640.0,0.03031252
23645.0,0.030175641
23650.0,0.03003363
23655.0,0.029880498
23660.0,0.029855687
23665.0,0.029688012
23670.0,0.029423665
23675.0,0.029180706
23680.0,0.029147342
23685.0,0.028935181
23690.0,0.028831668
23695.0,0.028905239
23700.0,0.02884108
23705.0,0.028898397
23710.0,0.028969401
23715.0,0.02910457
23720.0,0.029215781
23725.0,0.02915761
23730.0,0.029295344
23735.0,0.029663201
23740.0,0.029770138
23745.0,0.029832589
23750.0,0.029978022
23755.0,0.030096078
23760.0,0.030087525
23765.0,0.029995132
23770.0,0.02985141
23775.0,0.029780405
23780.0,0.029630693
23785.0,0.029439919
23790.0,0.029346673
23795.0,0.02911227
23800.0,0.028926626
23805.0,0.028910372
23810.0,0.028782904
23815.0,0.028698212
23820.0,0.028655438
23825.0,0.028366283
23830.0,0.027728088
23835.0,0.027569821
23840.0,0.02776744
23845.0,0.027500527
23850.0,0.027183143
23855.0,0.027450053
23860.0,0.027673336
23865.0,0.027535602
23870.0,0.027865821
23875.0,0.028094236
23880.0,0.02817294
23885.0,0.028384248
23890.0,0.028409911
23895.0,0.02828159
23900.0,0.02823796
23905.0,0.028270466
23910.0,0.028219137
23915.0,0.028163532
23920.0,0.028207162
23925.0,0.027994143
23930.0,0.027814493
23935.0,0.027975325
23940.0,0.02806686
23945.0,0.027945383
23950.0,0.027927415
23955.0,0.027866678
23960.0,0.027817057
23965.0,0.027796527
23970.0,0.027656225
23975.0,0.027810216
23980.0,0.027840156
23985.0,0.02796078
23990.0,0.028034354
23995.0,0.028079694
24000.0,0.027976178
24005.0,0.027850421
24010.0,0.028077982
24015.0,0.028201174
24020.0,0.028106213
24025.0,0.028052317
24030.0,0.028120758
24035.0,0.028073706
24040.0,0.027755463
24045.0,0.02788892
24050.0,0.028057452
24055.0,0.027765729
24060.0,0.027649382
24065.0,0.028042907
24070.0,0.028183209
24075.0,0.027747763
24080.0,0.027632272
24085.0,0.02745091
24090.0,0.027878655
24095.0,0.027876087
24100.0,0.028279021
24105.0,0.02824138
24110.0,0.02819005
24115.0,0.028121611
24120.0,0.028035207
24125.0,0.027929984
24130.0,0.027806792
24135.0,0.027667347
24140.0,0.027514216
24145.0,0.027352529
24150.0,0.027188273
24155.0,0.02702573
24160.0,0.026872601
24165.0,0.026735721
24170.0,0.026621087
24175.0,0.026533825
24180.0,0.02647822
24185.0,0.026458543
24190.0,0.026474796
24195.0,0.026526982
24200.0,0.026611675
24205.0,0.026727166
24210.0,0.026865756
24215.0,0.027018888
24220.0,0.027181432
24225.0,0.027348252
24230.0,0.02751336
24235.0,0.02766307
24240.0,0.027781982
24245.0,0.027867533
24250.0,0.027923996
24255.0,0.027950514
24260.0,0.02794367
24265.0,0.027900897
24270.0,0.027823903
24275.0,0.027718676
24280.0,0.027588643
24285.0,0.027440645
24290.0,0.027279813
24295.0,0.027113846
24300.0,0.026947025
24305.0,0.02678705
24310.0,0.02663905
24315.0,0.026505593
24320.0,0.026391815
24325.0,0.026300278
24330.0,0.026230983
24335.0,0.026184786
24340.0,0.026161687
24345.0,0.026159978
24350.0,0.026177943
24355.0,0.026212163
24360.0,0.02626007
24365.0,0.026318243
24370.0,0.026384115
24375.0,0.026454264
24380.0,0.026526982
24385.0,0.026600555
24390.0,0.02667327
24395.0,0.026745986
24400.0,0.02681956
24405.0,0.026893985
24410.0,0.026970124
24415.0,0.027049687
24420.0,0.02713181
24425.0,0.027218215
24430.0,0.027305476
24435.0,0.027392736
24440.0,0.02747572
24445.0,0.027550144
24450.0,0.02761003
24455.0,0.027650237
24460.0,0.027666494
24465.0,0.027651949
24470.0,0.027604897
24475.0,0.02752106
24480.0,0.027400436
24485.0,0.027244737
24490.0,0.027055675
24495.0,0.026837526
24500.0,0.026597133
24505.0,0.026431167
24510.0,0.026293432
24515.0,0.026158268
24520.0,0.02602652
24525.0,0.025904186
24530.0,0.025792973
24535.0,0.025698014
24540.0,0.025620164
24545.0,0.025558569
24550.0,0.025512373
24555.0,0.025485853
24560.0,0.025484996
24565.0,0.025508951
24570.0,0.025550015
24575.0,0.025598777
24580.0,0.025654385
24585.0,0.025714269
24590.0,0.025775865
24595.0,0.025833182
24600.0,0.0258828
24605.0,0.02591873
24610.0,0.025940973
24615.0,0.025946962
24620.0,0.02593584
24625.0,0.025908465
24630.0,0.025866546
24635.0,0.025811793
24640.0,0.025746778
24645.0,0.025674917
24650.0,0.02559792
24655.0,0.025521783
24660.0,0.025447356
24665.0,0.025379771
24670.0,0.0253216
24675.0,0.025275402
24680.0,0.025242895
24685.0,0.025227495
24690.0,0.025228351
24695.0,0.025247172
24700.0,0.02528139
24705.0,0.02533101
24710.0,0.02539175
24715.0,0.025461044
24720.0,0.025532048
24725.0,0.0256022
24730.0,0.025665505
24735.0,0.025717689
24740.0,0.025755333
24745.0,0.025775865
24750.0,0.02577843
24755.0,0.025763031
24760.0,0.025730522
24765.0,0.025683472
24770.0,0.025623588
24775.0,0.025555147
24780.0,0.025479864
24785.0,0.02540287
24790.0,0.02532502
24795.0,0.025249738
24800.0,0.025180442
24805.0,0.025117993
24810.0,0.025064953
24815.0,0.025022177
24820.0,0.024989668
24825.0,0.024969138
24830.0,0.024959728
24835.0,0.024959728
24840.0,0.024966571
24845.0,0.024978548
24850.0,0.024993092
24855.0,0.025005924
24860.0,0.025013624
24865.0,0.025014479
24870.0,0.025005069
24875.0,0.024986248
24880.0,0.024957161
24885.0,0.024920376
24890.0,0.024875036
24895.0,0.02482456
24900.0,0.024774088
24905.0,0.024728747
24910.0,0.024690248
24915.0,0.024662018
24920.0,0.02464662
24925.0,0.024644908
24930.0,0.024659451
24935.0,0.024689393
24940.0,0.024734734
24945.0,0.024795474
24950.0,0.024870757
24955.0,0.024956305
24960.0,0.025049554
24965.0,0.025144514
24970.0,0.02523605
24975.0,0.025316466
24980.0,0.025378061
24985.0,0.025414847
24990.0,0.025143657
24995.0,0.025109438
25000.0,0.025073508
